2025-12-10 20:43:15,293 - dotenv.main - WARNING - python-dotenv could not parse statement starting at line 3
2025-12-10 20:43:15,298 - dotenv.main - WARNING - python-dotenv could not parse statement starting at line 4
2025-12-10 20:43:16,502 - dotenv.main - WARNING - python-dotenv could not parse statement starting at line 3
2025-12-10 20:43:16,503 - dotenv.main - WARNING - python-dotenv could not parse statement starting at line 4
2025-12-10 20:43:16,518 - modules.search_papers - INFO - Starting paper search for topic: 'deep learning natural language processing' (limit=10)
2025-12-10 20:43:16,519 - modules.search_papers - INFO - Attempting API request (attempt 1/3)
2025-12-10 20:43:23,724 - httpx - INFO - HTTP Request: GET https://api.semanticscholar.org/graph/v1/paper/search?query=deep+learning+natural+language+processing&fields=title%2Cabstract%2Cyear%2Cauthors%2CcitationCount%2CpaperId%2Curl%2CopenAccessPdf%2CpublicationDate%2Cvenue%2CpublicationTypes%2CexternalIds%2CinfluentialCitationCount&offset=0&limit=20 "HTTP/1.1 200 OK"
2025-12-10 20:43:23,948 - modules.search_papers - WARNING - API request failed (attempt 1/3): 'Author' object has no attribute 'get'
2025-12-10 20:43:23,949 - modules.search_papers - INFO - Waiting 2 seconds before retry...
2025-12-10 20:43:25,949 - modules.search_papers - INFO - Attempting API request (attempt 2/3)
2025-12-10 20:43:26,755 - httpx - INFO - HTTP Request: GET https://api.semanticscholar.org/graph/v1/paper/search?query=deep+learning+natural+language+processing&fields=title%2Cabstract%2Cyear%2Cauthors%2CcitationCount%2CpaperId%2Curl%2CopenAccessPdf%2CpublicationDate%2Cvenue%2CpublicationTypes%2CexternalIds%2CinfluentialCitationCount&offset=0&limit=20 "HTTP/1.1 429 "
2025-12-10 20:43:57,470 - httpx - INFO - HTTP Request: GET https://api.semanticscholar.org/graph/v1/paper/search?query=deep+learning+natural+language+processing&fields=title%2Cabstract%2Cyear%2Cauthors%2CcitationCount%2CpaperId%2Curl%2CopenAccessPdf%2CpublicationDate%2Cvenue%2CpublicationTypes%2CexternalIds%2CinfluentialCitationCount&offset=0&limit=20 "HTTP/1.1 429 "
2025-12-10 20:44:28,185 - httpx - INFO - HTTP Request: GET https://api.semanticscholar.org/graph/v1/paper/search?query=deep+learning+natural+language+processing&fields=title%2Cabstract%2Cyear%2Cauthors%2CcitationCount%2CpaperId%2Curl%2CopenAccessPdf%2CpublicationDate%2Cvenue%2CpublicationTypes%2CexternalIds%2CinfluentialCitationCount&offset=0&limit=20 "HTTP/1.1 429 "
2025-12-10 20:45:01,385 - httpx - INFO - HTTP Request: GET https://api.semanticscholar.org/graph/v1/paper/search?query=deep+learning+natural+language+processing&fields=title%2Cabstract%2Cyear%2Cauthors%2CcitationCount%2CpaperId%2Curl%2CopenAccessPdf%2CpublicationDate%2Cvenue%2CpublicationTypes%2CexternalIds%2CinfluentialCitationCount&offset=0&limit=20 "HTTP/1.1 200 OK"
2025-12-10 20:45:01,582 - modules.search_papers - WARNING - API request failed (attempt 2/3): 'Author' object has no attribute 'get'
2025-12-10 20:45:01,583 - modules.search_papers - INFO - Waiting 4 seconds before retry...
2025-12-10 20:45:05,584 - modules.search_papers - INFO - Attempting API request (attempt 3/3)
2025-12-10 20:45:07,932 - httpx - INFO - HTTP Request: GET https://api.semanticscholar.org/graph/v1/paper/search?query=deep+learning+natural+language+processing&fields=title%2Cabstract%2Cyear%2Cauthors%2CcitationCount%2CpaperId%2Curl%2CopenAccessPdf%2CpublicationDate%2Cvenue%2CpublicationTypes%2CexternalIds%2CinfluentialCitationCount&offset=0&limit=20 "HTTP/1.1 200 OK"
2025-12-10 20:45:08,135 - modules.search_papers - WARNING - API request failed (attempt 3/3): 'Author' object has no attribute 'get'
2025-12-10 20:45:08,135 - modules.search_papers - ERROR - All retry attempts failed. Error: 'Author' object has no attribute 'get'
2025-12-10 20:45:40,045 - dotenv.main - WARNING - python-dotenv could not parse statement starting at line 3
2025-12-10 20:45:40,047 - dotenv.main - WARNING - python-dotenv could not parse statement starting at line 4
2025-12-10 20:45:41,151 - dotenv.main - WARNING - python-dotenv could not parse statement starting at line 3
2025-12-10 20:45:41,152 - dotenv.main - WARNING - python-dotenv could not parse statement starting at line 4
2025-12-10 20:45:41,158 - modules.search_papers - INFO - Starting paper search for topic: 'deep learning natural language processing' (limit=10)
2025-12-10 20:45:41,159 - modules.search_papers - INFO - Attempting API request (attempt 1/3)
2025-12-10 20:45:44,027 - httpx - INFO - HTTP Request: GET https://api.semanticscholar.org/graph/v1/paper/search?query=deep+learning+natural+language+processing&fields=title%2Cabstract%2Cyear%2Cauthors%2CcitationCount%2CpaperId%2Curl%2CopenAccessPdf%2CpublicationDate%2Cvenue%2CpublicationTypes%2CexternalIds%2CinfluentialCitationCount&offset=0&limit=20 "HTTP/1.1 200 OK"
2025-12-10 20:45:44,191 - modules.search_papers - WARNING - API request failed (attempt 1/3): 'Author' object has no attribute 'get'
2025-12-10 20:45:44,191 - modules.search_papers - INFO - Waiting 2 seconds before retry...
2025-12-10 20:45:46,192 - modules.search_papers - INFO - Attempting API request (attempt 2/3)
2025-12-10 20:45:47,082 - httpx - INFO - HTTP Request: GET https://api.semanticscholar.org/graph/v1/paper/search?query=deep+learning+natural+language+processing&fields=title%2Cabstract%2Cyear%2Cauthors%2CcitationCount%2CpaperId%2Curl%2CopenAccessPdf%2CpublicationDate%2Cvenue%2CpublicationTypes%2CexternalIds%2CinfluentialCitationCount&offset=0&limit=20 "HTTP/1.1 429 "
2025-12-10 20:46:19,844 - httpx - INFO - HTTP Request: GET https://api.semanticscholar.org/graph/v1/paper/search?query=deep+learning+natural+language+processing&fields=title%2Cabstract%2Cyear%2Cauthors%2CcitationCount%2CpaperId%2Curl%2CopenAccessPdf%2CpublicationDate%2Cvenue%2CpublicationTypes%2CexternalIds%2CinfluentialCitationCount&offset=0&limit=20 "HTTP/1.1 200 OK"
2025-12-10 20:46:20,037 - modules.search_papers - WARNING - API request failed (attempt 2/3): 'Author' object has no attribute 'get'
2025-12-10 20:46:20,037 - modules.search_papers - INFO - Waiting 4 seconds before retry...
2025-12-10 20:46:24,038 - modules.search_papers - INFO - Attempting API request (attempt 3/3)
2025-12-10 20:46:24,867 - httpx - INFO - HTTP Request: GET https://api.semanticscholar.org/graph/v1/paper/search?query=deep+learning+natural+language+processing&fields=title%2Cabstract%2Cyear%2Cauthors%2CcitationCount%2CpaperId%2Curl%2CopenAccessPdf%2CpublicationDate%2Cvenue%2CpublicationTypes%2CexternalIds%2CinfluentialCitationCount&offset=0&limit=20 "HTTP/1.1 429 "
2025-12-10 20:46:57,169 - httpx - INFO - HTTP Request: GET https://api.semanticscholar.org/graph/v1/paper/search?query=deep+learning+natural+language+processing&fields=title%2Cabstract%2Cyear%2Cauthors%2CcitationCount%2CpaperId%2Curl%2CopenAccessPdf%2CpublicationDate%2Cvenue%2CpublicationTypes%2CexternalIds%2CinfluentialCitationCount&offset=0&limit=20 "HTTP/1.1 200 OK"
2025-12-10 20:46:57,362 - modules.search_papers - WARNING - API request failed (attempt 3/3): 'Author' object has no attribute 'get'
2025-12-10 20:46:57,363 - modules.search_papers - ERROR - All retry attempts failed. Error: 'Author' object has no attribute 'get'
2025-12-10 20:47:04,222 - dotenv.main - WARNING - python-dotenv could not parse statement starting at line 3
2025-12-10 20:47:04,223 - dotenv.main - WARNING - python-dotenv could not parse statement starting at line 4
2025-12-10 20:47:04,980 - dotenv.main - WARNING - python-dotenv could not parse statement starting at line 3
2025-12-10 20:47:04,980 - dotenv.main - WARNING - python-dotenv could not parse statement starting at line 4
2025-12-10 20:47:04,981 - modules.search_papers - INFO - Starting paper search for topic: 'machine learning' (limit=3)
2025-12-10 20:47:04,981 - modules.search_papers - INFO - Attempting API request (attempt 1/3)
2025-12-10 20:47:07,184 - httpx - INFO - HTTP Request: GET https://api.semanticscholar.org/graph/v1/paper/search?query=machine+learning&fields=title%2Cabstract%2Cyear%2Cauthors%2CcitationCount%2CpaperId%2Curl%2CopenAccessPdf%2CpublicationDate%2Cvenue%2CpublicationTypes%2CexternalIds%2CinfluentialCitationCount&offset=0&limit=6 "HTTP/1.1 200 OK"
2025-12-10 20:47:07,197 - modules.search_papers - WARNING - API request failed (attempt 1/3): 'Author' object has no attribute 'get'
2025-12-10 20:47:07,197 - modules.search_papers - INFO - Waiting 2 seconds before retry...
2025-12-10 20:47:09,198 - modules.search_papers - INFO - Attempting API request (attempt 2/3)
2025-12-10 20:47:11,326 - httpx - INFO - HTTP Request: GET https://api.semanticscholar.org/graph/v1/paper/search?query=machine+learning&fields=title%2Cabstract%2Cyear%2Cauthors%2CcitationCount%2CpaperId%2Curl%2CopenAccessPdf%2CpublicationDate%2Cvenue%2CpublicationTypes%2CexternalIds%2CinfluentialCitationCount&offset=0&limit=6 "HTTP/1.1 200 OK"
2025-12-10 20:47:11,328 - modules.search_papers - WARNING - API request failed (attempt 2/3): 'Author' object has no attribute 'get'
2025-12-10 20:47:11,329 - modules.search_papers - INFO - Waiting 4 seconds before retry...
2025-12-10 20:47:15,329 - modules.search_papers - INFO - Attempting API request (attempt 3/3)
2025-12-10 20:47:17,780 - httpx - INFO - HTTP Request: GET https://api.semanticscholar.org/graph/v1/paper/search?query=machine+learning&fields=title%2Cabstract%2Cyear%2Cauthors%2CcitationCount%2CpaperId%2Curl%2CopenAccessPdf%2CpublicationDate%2Cvenue%2CpublicationTypes%2CexternalIds%2CinfluentialCitationCount&offset=0&limit=6 "HTTP/1.1 200 OK"
2025-12-10 20:47:17,783 - modules.search_papers - WARNING - API request failed (attempt 3/3): 'Author' object has no attribute 'get'
2025-12-10 20:47:17,783 - modules.search_papers - ERROR - All retry attempts failed. Error: 'Author' object has no attribute 'get'
2025-12-10 20:48:14,248 - dotenv.main - WARNING - python-dotenv could not parse statement starting at line 3
2025-12-10 20:48:14,250 - dotenv.main - WARNING - python-dotenv could not parse statement starting at line 4
2025-12-10 20:48:15,033 - dotenv.main - WARNING - python-dotenv could not parse statement starting at line 3
2025-12-10 20:48:15,034 - dotenv.main - WARNING - python-dotenv could not parse statement starting at line 4
2025-12-10 20:48:15,036 - modules.search_papers - INFO - Starting paper search for topic: 'machine learning' (limit=3)
2025-12-10 20:48:15,036 - modules.search_papers - INFO - Attempting API request (attempt 1/3)
2025-12-10 20:48:21,204 - httpx - INFO - HTTP Request: GET https://api.semanticscholar.org/graph/v1/paper/search?query=machine+learning&fields=title%2Cabstract%2Cyear%2Cauthors%2CcitationCount%2CpaperId%2Curl%2CopenAccessPdf%2CpublicationDate%2Cvenue%2CpublicationTypes%2CexternalIds%2CinfluentialCitationCount&offset=0&limit=6 "HTTP/1.1 200 OK"
2025-12-10 20:48:21,212 - modules.search_papers - INFO - Successfully retrieved 3 papers
2025-12-10 20:48:40,373 - modules.search_papers - INFO - Starting paper search for topic: 'machine learning' (limit=3)
2025-12-10 20:48:40,373 - modules.search_papers - INFO - Attempting API request (attempt 1/3)
2025-12-10 20:48:42,500 - httpx - INFO - HTTP Request: GET https://api.semanticscholar.org/graph/v1/paper/search?query=machine+learning&fields=title%2Cabstract%2Cyear%2Cauthors%2CcitationCount%2CpaperId%2Curl%2CopenAccessPdf%2CpublicationDate%2Cvenue%2CpublicationTypes%2CexternalIds%2CinfluentialCitationCount&offset=0&limit=6 "HTTP/1.1 200 OK"
2025-12-10 20:48:42,506 - modules.search_papers - INFO - Successfully retrieved 3 papers
2025-12-10 20:57:13,690 - modules.search_papers - INFO - Starting paper search for topic: 'machine learning' (limit=3)
2025-12-10 20:57:13,692 - modules.search_papers - INFO - Attempting API request (attempt 1/3)
2025-12-10 20:57:15,901 - httpx - INFO - HTTP Request: GET https://api.semanticscholar.org/graph/v1/paper/search?query=machine+learning&fields=title%2Cabstract%2Cyear%2Cauthors%2CcitationCount%2CpaperId%2Curl%2CopenAccessPdf%2CpublicationDate%2Cvenue%2CpublicationTypes%2CexternalIds%2CinfluentialCitationCount&offset=0&limit=6 "HTTP/1.1 200 OK"
2025-12-10 20:57:15,908 - modules.search_papers - INFO - Successfully retrieved 3 papers
2025-12-10 21:03:24,685 - modules.search_papers - INFO - Starting paper search for topic: 'machine learning' (limit=3)
2025-12-10 21:03:24,686 - modules.search_papers - INFO - Attempting API request (attempt 1/3)
2025-12-10 21:03:26,758 - httpx - INFO - HTTP Request: GET https://api.semanticscholar.org/graph/v1/paper/search?query=machine+learning&fields=title%2Cabstract%2Cyear%2Cauthors%2CcitationCount%2CpaperId%2Curl%2CopenAccessPdf%2CpublicationDate%2Cvenue%2CpublicationTypes%2CexternalIds%2CinfluentialCitationCount&offset=0&limit=6 "HTTP/1.1 200 OK"
2025-12-10 21:03:29,376 - httpx - INFO - HTTP Request: GET https://api.semanticscholar.org/graph/v1/paper/search?query=machine+learning&fields=title%2Cabstract%2Cyear%2Cauthors%2CcitationCount%2CpaperId%2Curl%2CopenAccessPdf%2CpublicationDate%2Cvenue%2CpublicationTypes%2CexternalIds%2CinfluentialCitationCount&offset=6&limit=6 "HTTP/1.1 200 OK"
2025-12-10 21:03:29,378 - modules.search_papers - INFO - Successfully retrieved 3 papers
2025-12-10 21:10:15,482 - modules.search_papers - INFO - Starting paper search for topic: 'deep learning natural language processing' (limit=10)
2025-12-10 21:10:15,482 - modules.search_papers - INFO - Attempting API request (attempt 1/3)
2025-12-10 21:10:19,108 - httpx - INFO - HTTP Request: GET https://api.semanticscholar.org/graph/v1/paper/search?query=deep+learning+natural+language+processing&fields=title%2Cabstract%2Cyear%2Cauthors%2CcitationCount%2CpaperId%2Curl%2CopenAccessPdf%2CpublicationDate%2Cvenue%2CpublicationTypes%2CexternalIds%2CinfluentialCitationCount&offset=0&limit=20 "HTTP/1.1 200 OK"
2025-12-10 21:10:21,060 - httpx - INFO - HTTP Request: GET https://api.semanticscholar.org/graph/v1/paper/search?query=deep+learning+natural+language+processing&fields=title%2Cabstract%2Cyear%2Cauthors%2CcitationCount%2CpaperId%2Curl%2CopenAccessPdf%2CpublicationDate%2Cvenue%2CpublicationTypes%2CexternalIds%2CinfluentialCitationCount&offset=20&limit=20 "HTTP/1.1 200 OK"
2025-12-10 21:10:21,088 - modules.search_papers - INFO - Successfully retrieved 10 papers
2025-12-10 21:10:21,094 - modules.search_papers - ERROR - Failed to save metadata: Object of type datetime is not JSON serializable
2025-12-10 21:10:22,593 - modules.search_papers - INFO - Starting paper search for topic: 'machine learning' (limit=3)
2025-12-10 21:10:22,594 - modules.search_papers - INFO - Attempting API request (attempt 1/3)
2025-12-10 21:10:24,713 - httpx - INFO - HTTP Request: GET https://api.semanticscholar.org/graph/v1/paper/search?query=machine+learning&fields=title%2Cabstract%2Cyear%2Cauthors%2CcitationCount%2CpaperId%2Curl%2CopenAccessPdf%2CpublicationDate%2Cvenue%2CpublicationTypes%2CexternalIds%2CinfluentialCitationCount&offset=0&limit=6 "HTTP/1.1 200 OK"
2025-12-10 21:10:26,883 - httpx - INFO - HTTP Request: GET https://api.semanticscholar.org/graph/v1/paper/search?query=machine+learning&fields=title%2Cabstract%2Cyear%2Cauthors%2CcitationCount%2CpaperId%2Curl%2CopenAccessPdf%2CpublicationDate%2Cvenue%2CpublicationTypes%2CexternalIds%2CinfluentialCitationCount&offset=6&limit=6 "HTTP/1.1 200 OK"
2025-12-10 21:10:26,887 - modules.search_papers - INFO - Successfully retrieved 3 papers
2025-12-10 21:13:42,552 - modules.search_papers - INFO - Starting paper search for topic: 'machine learning' (limit=3)
2025-12-10 21:13:42,553 - modules.search_papers - INFO - Attempting API request (attempt 1/3)
2025-12-10 21:13:44,995 - httpx - INFO - HTTP Request: GET https://api.semanticscholar.org/graph/v1/paper/search?query=machine+learning&fields=title%2Cabstract%2Cyear%2Cauthors%2CcitationCount%2CpaperId%2Curl%2CopenAccessPdf%2CpublicationDate%2Cvenue%2CpublicationTypes%2CexternalIds%2CinfluentialCitationCount&offset=0&limit=6 "HTTP/1.1 200 OK"
2025-12-10 21:13:46,774 - httpx - INFO - HTTP Request: GET https://api.semanticscholar.org/graph/v1/paper/search?query=machine+learning&fields=title%2Cabstract%2Cyear%2Cauthors%2CcitationCount%2CpaperId%2Curl%2CopenAccessPdf%2CpublicationDate%2Cvenue%2CpublicationTypes%2CexternalIds%2CinfluentialCitationCount&offset=6&limit=6 "HTTP/1.1 200 OK"
2025-12-10 21:13:46,777 - modules.search_papers - INFO - Successfully retrieved 3 papers
2025-12-10 21:24:38,085 - modules.search_papers - INFO - Starting paper search for topic: 'deep learning natural language processing' (limit=10)
2025-12-10 21:24:38,086 - modules.search_papers - INFO - Attempting API request (attempt 1/3)
2025-12-10 21:24:40,732 - httpx - INFO - HTTP Request: GET https://api.semanticscholar.org/graph/v1/paper/search?query=deep+learning+natural+language+processing&fields=title%2Cabstract%2Cyear%2Cauthors%2CcitationCount%2CpaperId%2Curl%2CopenAccessPdf%2CpublicationDate%2Cvenue%2CpublicationTypes%2CexternalIds%2CinfluentialCitationCount&offset=0&limit=20 "HTTP/1.1 200 OK"
2025-12-10 21:24:44,223 - httpx - INFO - HTTP Request: GET https://api.semanticscholar.org/graph/v1/paper/search?query=deep+learning+natural+language+processing&fields=title%2Cabstract%2Cyear%2Cauthors%2CcitationCount%2CpaperId%2Curl%2CopenAccessPdf%2CpublicationDate%2Cvenue%2CpublicationTypes%2CexternalIds%2CinfluentialCitationCount&offset=20&limit=20 "HTTP/1.1 200 OK"
2025-12-10 21:24:44,424 - modules.search_papers - INFO - Successfully retrieved 10 papers
2025-12-10 21:24:44,431 - modules.search_papers - ERROR - Failed to save metadata: Object of type datetime is not JSON serializable
2025-12-10 21:24:54,515 - modules.search_papers - INFO - Starting paper search for topic: 'machine learning' (limit=3)
2025-12-10 21:24:54,516 - modules.search_papers - INFO - Attempting API request (attempt 1/3)
2025-12-10 21:25:02,968 - httpx - INFO - HTTP Request: GET https://api.semanticscholar.org/graph/v1/paper/search?query=machine+learning&fields=title%2Cabstract%2Cyear%2Cauthors%2CcitationCount%2CpaperId%2Curl%2CopenAccessPdf%2CpublicationDate%2Cvenue%2CpublicationTypes%2CexternalIds%2CinfluentialCitationCount&offset=0&limit=6 "HTTP/1.1 200 OK"
2025-12-10 21:25:05,172 - httpx - INFO - HTTP Request: GET https://api.semanticscholar.org/graph/v1/paper/search?query=machine+learning&fields=title%2Cabstract%2Cyear%2Cauthors%2CcitationCount%2CpaperId%2Curl%2CopenAccessPdf%2CpublicationDate%2Cvenue%2CpublicationTypes%2CexternalIds%2CinfluentialCitationCount&offset=6&limit=6 "HTTP/1.1 200 OK"
2025-12-10 21:25:05,177 - modules.search_papers - INFO - Successfully retrieved 3 papers
2025-12-11 16:54:57,231 - modules.search_papers - INFO - Starting paper search for topic: 'deep learning natural language processing' (limit=10)
2025-12-11 16:54:57,235 - modules.search_papers - INFO - Attempting API request (attempt 1/3)
2025-12-11 16:55:00,652 - httpx - INFO - HTTP Request: GET https://api.semanticscholar.org/graph/v1/paper/search?query=deep+learning+natural+language+processing&fields=title%2Cabstract%2Cyear%2Cauthors%2CcitationCount%2CpaperId%2Curl%2CopenAccessPdf%2CpublicationDate%2Cvenue%2CpublicationTypes%2CexternalIds%2CinfluentialCitationCount&offset=0&limit=20 "HTTP/1.1 200 OK"
2025-12-11 16:55:03,620 - httpx - INFO - HTTP Request: GET https://api.semanticscholar.org/graph/v1/paper/search?query=deep+learning+natural+language+processing&fields=title%2Cabstract%2Cyear%2Cauthors%2CcitationCount%2CpaperId%2Curl%2CopenAccessPdf%2CpublicationDate%2Cvenue%2CpublicationTypes%2CexternalIds%2CinfluentialCitationCount&offset=20&limit=20 "HTTP/1.1 200 OK"
2025-12-11 16:55:03,826 - modules.search_papers - INFO - Successfully retrieved 10 papers
2025-12-11 16:55:03,851 - modules.search_papers - ERROR - Failed to save metadata: Object of type datetime is not JSON serializable
2025-12-11 16:57:39,626 - modules.search_papers - INFO - Starting paper search for topic: 'deep learning natural language processing' (limit=10)
2025-12-11 16:57:39,627 - modules.search_papers - INFO - Attempting API request (attempt 1/3)
2025-12-11 16:57:42,245 - httpx - INFO - HTTP Request: GET https://api.semanticscholar.org/graph/v1/paper/search?query=deep+learning+natural+language+processing&fields=title%2Cabstract%2Cyear%2Cauthors%2CcitationCount%2CpaperId%2Curl%2CopenAccessPdf%2CpublicationDate%2Cvenue%2CpublicationTypes%2CexternalIds%2CinfluentialCitationCount&offset=0&limit=20 "HTTP/1.1 200 OK"
2025-12-11 16:57:44,805 - httpx - INFO - HTTP Request: GET https://api.semanticscholar.org/graph/v1/paper/search?query=deep+learning+natural+language+processing&fields=title%2Cabstract%2Cyear%2Cauthors%2CcitationCount%2CpaperId%2Curl%2CopenAccessPdf%2CpublicationDate%2Cvenue%2CpublicationTypes%2CexternalIds%2CinfluentialCitationCount&offset=20&limit=20 "HTTP/1.1 200 OK"
2025-12-11 16:57:45,016 - modules.search_papers - INFO - Successfully retrieved 10 papers
2025-12-11 16:57:45,056 - modules.search_papers - INFO - Metadata saved successfully to data/metadata/paper_metadata.json
2025-12-11 16:57:45,057 - modules.download_pdf - INFO - Starting batch download of 10 papers
2025-12-11 16:57:45,059 - modules.download_pdf - INFO - Downloading PDF (attempt 1/3): http://arxiv.org/pdf/2105.02388
2025-12-11 16:57:50,576 - modules.download_pdf - INFO - PDF validation successful: data/pdfs\7f5d5e032011ec4f3f6b2a414ba5a5c0a8b696f6_Security Vulnerability Detection Using Deep Learning Natural Language Processing.pdf
2025-12-11 16:57:50,576 - modules.download_pdf - INFO - Successfully downloaded PDF: data/pdfs\7f5d5e032011ec4f3f6b2a414ba5a5c0a8b696f6_Security Vulnerability Detection Using Deep Learning Natural Language Processing.pdf
2025-12-11 16:57:50,607 - modules.download_pdf - INFO - Downloading PDF (attempt 1/3): https://doi.org/10.1109/tnnls.2020.2979670
2025-12-11 16:57:51,561 - modules.download_pdf - WARNING - Download attempt 1 failed: 418 Client Error: Unknown Code for url: https://ieeexplore.ieee.org/document/9075398/
2025-12-11 16:57:51,562 - modules.download_pdf - INFO - Waiting 2 seconds before retry...
2025-12-11 16:57:53,563 - modules.download_pdf - INFO - Downloading PDF (attempt 2/3): https://doi.org/10.1109/tnnls.2020.2979670
2025-12-11 16:57:53,998 - modules.download_pdf - WARNING - Download attempt 2 failed: 418 Client Error: Unknown Code for url: https://ieeexplore.ieee.org/document/9075398/
2025-12-11 16:57:53,999 - modules.download_pdf - INFO - Waiting 4 seconds before retry...
2025-12-11 16:57:58,001 - modules.download_pdf - INFO - Downloading PDF (attempt 3/3): https://doi.org/10.1109/tnnls.2020.2979670
2025-12-11 16:57:58,626 - modules.download_pdf - WARNING - Download attempt 3 failed: 418 Client Error: Unknown Code for url: https://ieeexplore.ieee.org/document/9075398/
2025-12-11 16:57:58,627 - modules.download_pdf - ERROR - All download attempts failed for: https://doi.org/10.1109/tnnls.2020.2979670
2025-12-11 16:57:58,631 - modules.download_pdf - INFO - Downloading PDF (attempt 1/3): https://doi.org/10.1016/j.nlp.2023.100026
2025-12-11 16:58:02,619 - modules.download_pdf - WARNING - File does not have PDF header: data/pdfs\2baa3d2699e680bd6b16bce603f1df6827ff98d8_Exploring the frontiers of deep learning and natural language processing_ A comprehensive overview of key challenges and emerging trends.pdf
2025-12-11 16:58:02,646 - modules.download_pdf - WARNING - Downloaded file is not a valid PDF: data/pdfs\2baa3d2699e680bd6b16bce603f1df6827ff98d8_Exploring the frontiers of deep learning and natural language processing_ A comprehensive overview of key challenges and emerging trends.pdf
2025-12-11 16:58:02,666 - modules.download_pdf - INFO - Downloading PDF (attempt 2/3): https://doi.org/10.1016/j.nlp.2023.100026
2025-12-11 16:58:04,080 - modules.download_pdf - WARNING - File does not have PDF header: data/pdfs\2baa3d2699e680bd6b16bce603f1df6827ff98d8_Exploring the frontiers of deep learning and natural language processing_ A comprehensive overview of key challenges and emerging trends.pdf
2025-12-11 16:58:04,081 - modules.download_pdf - WARNING - Downloaded file is not a valid PDF: data/pdfs\2baa3d2699e680bd6b16bce603f1df6827ff98d8_Exploring the frontiers of deep learning and natural language processing_ A comprehensive overview of key challenges and emerging trends.pdf
2025-12-11 16:58:04,084 - modules.download_pdf - INFO - Downloading PDF (attempt 3/3): https://doi.org/10.1016/j.nlp.2023.100026
2025-12-11 16:58:05,398 - modules.download_pdf - WARNING - File does not have PDF header: data/pdfs\2baa3d2699e680bd6b16bce603f1df6827ff98d8_Exploring the frontiers of deep learning and natural language processing_ A comprehensive overview of key challenges and emerging trends.pdf
2025-12-11 16:58:05,399 - modules.download_pdf - WARNING - Downloaded file is not a valid PDF: data/pdfs\2baa3d2699e680bd6b16bce603f1df6827ff98d8_Exploring the frontiers of deep learning and natural language processing_ A comprehensive overview of key challenges and emerging trends.pdf
2025-12-11 16:58:05,404 - modules.download_pdf - INFO - Downloading PDF (attempt 1/3): https://ajpojournals.org/journals/index.php/EJT/article/download/1473/1597
2025-12-11 16:58:10,572 - modules.download_pdf - INFO - PDF validation successful: data/pdfs\5263141f4c7c3b7b6e6abdb1c88f190005f9c755_A Comprehensive Survey of Deep Learning Techniques Natural Language Processing.pdf
2025-12-11 16:58:10,572 - modules.download_pdf - INFO - Successfully downloaded PDF: data/pdfs\5263141f4c7c3b7b6e6abdb1c88f190005f9c755_A Comprehensive Survey of Deep Learning Techniques Natural Language Processing.pdf
2025-12-11 16:58:10,574 - modules.download_pdf - WARNING - No PDF URL available for paper: Depression Detection from Social Media Text Analysis using Natural Language Processing Techniques and Hybrid Deep Learning Model
2025-12-11 16:58:10,577 - modules.download_pdf - INFO - Downloading PDF (attempt 1/3): https://link.springer.com/content/pdf/10.1007/s10462-022-10204-6.pdf
2025-12-11 16:58:16,138 - modules.download_pdf - INFO - PDF validation successful: data/pdfs\6b251abe70615f4c3a34a67cfa776a914367ad6e_How to keep text private_ A systematic review of deep learning methods for privacy-preserving natural language processing.pdf
2025-12-11 16:58:16,139 - modules.download_pdf - INFO - Successfully downloaded PDF: data/pdfs\6b251abe70615f4c3a34a67cfa776a914367ad6e_How to keep text private_ A systematic review of deep learning methods for privacy-preserving natural language processing.pdf
2025-12-11 16:58:16,142 - modules.download_pdf - WARNING - No PDF URL available for paper: Natural Language Processing Advancements By Deep Learning: A Survey
2025-12-11 16:58:16,148 - modules.download_pdf - INFO - Downloading PDF (attempt 1/3): https://doi.org/10.1016/j.jbi.2021.103984
2025-12-11 16:58:17,596 - modules.download_pdf - WARNING - File does not have PDF header: data/pdfs\a346971a2e65e1e2f9f749ec7944023d1b6ad2be_Classifying social determinants of health from unstructured electronic health records using deep learning-based natural language processing.pdf
2025-12-11 16:58:17,597 - modules.download_pdf - WARNING - Downloaded file is not a valid PDF: data/pdfs\a346971a2e65e1e2f9f749ec7944023d1b6ad2be_Classifying social determinants of health from unstructured electronic health records using deep learning-based natural language processing.pdf
2025-12-11 16:58:17,599 - modules.download_pdf - INFO - Downloading PDF (attempt 2/3): https://doi.org/10.1016/j.jbi.2021.103984
2025-12-11 16:58:19,244 - modules.download_pdf - WARNING - File does not have PDF header: data/pdfs\a346971a2e65e1e2f9f749ec7944023d1b6ad2be_Classifying social determinants of health from unstructured electronic health records using deep learning-based natural language processing.pdf
2025-12-11 16:58:19,249 - modules.download_pdf - WARNING - Downloaded file is not a valid PDF: data/pdfs\a346971a2e65e1e2f9f749ec7944023d1b6ad2be_Classifying social determinants of health from unstructured electronic health records using deep learning-based natural language processing.pdf
2025-12-11 16:58:19,254 - modules.download_pdf - INFO - Downloading PDF (attempt 3/3): https://doi.org/10.1016/j.jbi.2021.103984
2025-12-11 16:58:20,470 - modules.download_pdf - WARNING - File does not have PDF header: data/pdfs\a346971a2e65e1e2f9f749ec7944023d1b6ad2be_Classifying social determinants of health from unstructured electronic health records using deep learning-based natural language processing.pdf
2025-12-11 16:58:20,474 - modules.download_pdf - WARNING - Downloaded file is not a valid PDF: data/pdfs\a346971a2e65e1e2f9f749ec7944023d1b6ad2be_Classifying social determinants of health from unstructured electronic health records using deep learning-based natural language processing.pdf
2025-12-11 16:58:20,492 - modules.download_pdf - WARNING - No PDF URL available for paper: Adversarial Attacks on Deep-learning Models in Natural Language Processing
2025-12-11 16:58:20,507 - modules.download_pdf - WARNING - No PDF URL available for paper: An introduction to Deep Learning in Natural Language Processing: Models, techniques, and tools
2025-12-11 16:58:20,510 - modules.download_pdf - INFO - Batch download complete. Success: 3, Failed: 7
2025-12-11 16:58:20,526 - modules.download_pdf - INFO - Metadata saved successfully to: data/metadata\selected_papers.json
2025-12-11 16:59:39,543 - modules.search_papers - INFO - Starting paper search for topic: 'machine learning' (limit=5)
2025-12-11 16:59:39,545 - modules.search_papers - INFO - Attempting API request (attempt 1/3)
2025-12-11 16:59:41,813 - httpx - INFO - HTTP Request: GET https://api.semanticscholar.org/graph/v1/paper/search?query=machine+learning&fields=title%2Cabstract%2Cyear%2Cauthors%2CcitationCount%2CpaperId%2Curl%2CopenAccessPdf%2CpublicationDate%2Cvenue%2CpublicationTypes%2CexternalIds%2CinfluentialCitationCount&offset=0&limit=10 "HTTP/1.1 200 OK"
2025-12-11 16:59:43,733 - httpx - INFO - HTTP Request: GET https://api.semanticscholar.org/graph/v1/paper/search?query=machine+learning&fields=title%2Cabstract%2Cyear%2Cauthors%2CcitationCount%2CpaperId%2Curl%2CopenAccessPdf%2CpublicationDate%2Cvenue%2CpublicationTypes%2CexternalIds%2CinfluentialCitationCount&offset=10&limit=10 "HTTP/1.1 200 OK"
2025-12-11 16:59:43,736 - modules.search_papers - INFO - Successfully retrieved 5 papers
2025-12-11 16:59:43,740 - modules.search_papers - INFO - Metadata saved successfully to data/metadata/paper_metadata.json
2025-12-11 16:59:43,742 - modules.download_pdf - INFO - Starting batch download of 5 papers
2025-12-11 16:59:43,743 - modules.download_pdf - INFO - Downloading PDF (attempt 1/3): https://www.osti.gov/biblio/2282016
2025-12-11 16:59:46,395 - modules.download_pdf - WARNING - File does not have PDF header: data/pdfs\53c9f3c34d8481adaf24df3b25581ccf1bc53f5c_Physics-informed machine learning.pdf
2025-12-11 16:59:47,042 - modules.download_pdf - WARNING - Downloaded file is not a valid PDF: data/pdfs\53c9f3c34d8481adaf24df3b25581ccf1bc53f5c_Physics-informed machine learning.pdf
2025-12-11 16:59:47,188 - modules.download_pdf - INFO - Downloading PDF (attempt 2/3): https://www.osti.gov/biblio/2282016
2025-12-11 16:59:48,874 - modules.download_pdf - WARNING - File does not have PDF header: data/pdfs\53c9f3c34d8481adaf24df3b25581ccf1bc53f5c_Physics-informed machine learning.pdf
2025-12-11 16:59:48,874 - modules.download_pdf - WARNING - Downloaded file is not a valid PDF: data/pdfs\53c9f3c34d8481adaf24df3b25581ccf1bc53f5c_Physics-informed machine learning.pdf
2025-12-11 16:59:48,875 - modules.download_pdf - INFO - Downloading PDF (attempt 3/3): https://www.osti.gov/biblio/2282016
2025-12-11 16:59:50,046 - modules.download_pdf - WARNING - File does not have PDF header: data/pdfs\53c9f3c34d8481adaf24df3b25581ccf1bc53f5c_Physics-informed machine learning.pdf
2025-12-11 16:59:50,047 - modules.download_pdf - WARNING - Downloaded file is not a valid PDF: data/pdfs\53c9f3c34d8481adaf24df3b25581ccf1bc53f5c_Physics-informed machine learning.pdf
2025-12-11 16:59:50,051 - modules.download_pdf - INFO - Downloading PDF (attempt 1/3): https://link.springer.com/content/pdf/10.1007/s42979-021-00592-x.pdf
2025-12-11 16:59:53,293 - modules.download_pdf - WARNING - File does not have PDF header: data/pdfs\7872f34e2a164c5cf3c34a7a7433dc3342b6c7ea_Machine Learning_ Algorithms, Real-World Applications and Research Directions.pdf
2025-12-11 16:59:53,294 - modules.download_pdf - WARNING - Downloaded file is not a valid PDF: data/pdfs\7872f34e2a164c5cf3c34a7a7433dc3342b6c7ea_Machine Learning_ Algorithms, Real-World Applications and Research Directions.pdf
2025-12-11 16:59:53,484 - modules.download_pdf - INFO - Downloading PDF (attempt 2/3): https://link.springer.com/content/pdf/10.1007/s42979-021-00592-x.pdf
2025-12-11 16:59:55,970 - modules.download_pdf - WARNING - File does not have PDF header: data/pdfs\7872f34e2a164c5cf3c34a7a7433dc3342b6c7ea_Machine Learning_ Algorithms, Real-World Applications and Research Directions.pdf
2025-12-11 16:59:55,970 - modules.download_pdf - WARNING - Downloaded file is not a valid PDF: data/pdfs\7872f34e2a164c5cf3c34a7a7433dc3342b6c7ea_Machine Learning_ Algorithms, Real-World Applications and Research Directions.pdf
2025-12-11 16:59:56,078 - modules.download_pdf - INFO - Downloading PDF (attempt 3/3): https://link.springer.com/content/pdf/10.1007/s42979-021-00592-x.pdf
2025-12-11 16:59:59,078 - modules.download_pdf - WARNING - File does not have PDF header: data/pdfs\7872f34e2a164c5cf3c34a7a7433dc3342b6c7ea_Machine Learning_ Algorithms, Real-World Applications and Research Directions.pdf
2025-12-11 16:59:59,078 - modules.download_pdf - WARNING - Downloaded file is not a valid PDF: data/pdfs\7872f34e2a164c5cf3c34a7a7433dc3342b6c7ea_Machine Learning_ Algorithms, Real-World Applications and Research Directions.pdf
2025-12-11 16:59:59,079 - modules.download_pdf - WARNING - No PDF URL available for paper: Open Graph Benchmark: Datasets for Machine Learning on Graphs
2025-12-11 16:59:59,080 - modules.download_pdf - WARNING - No PDF URL available for paper: Foundations of Machine Learning
2025-12-11 16:59:59,081 - modules.download_pdf - INFO - Downloading PDF (attempt 1/3): https://www.nature.com/articles/s41598-024-56706-x.pdf
2025-12-11 17:00:04,735 - modules.download_pdf - INFO - PDF validation successful: data/pdfs\4a2b5058000d567036fc9aaad75bbf71cce53002_Evaluation metrics and statistical tests for machine learning.pdf
2025-12-11 17:00:04,736 - modules.download_pdf - INFO - Successfully downloaded PDF: data/pdfs\4a2b5058000d567036fc9aaad75bbf71cce53002_Evaluation metrics and statistical tests for machine learning.pdf
2025-12-11 17:00:04,738 - modules.download_pdf - INFO - Batch download complete. Success: 1, Failed: 4
2025-12-11 17:00:04,741 - modules.download_pdf - INFO - Metadata saved successfully to: data/metadata\selected_papers.json
2025-12-11 17:00:15,427 - modules.search_papers - INFO - Starting paper search for topic: 'deep learning' (limit=5)
2025-12-11 17:00:15,428 - modules.search_papers - INFO - Attempting API request (attempt 1/3)
2025-12-11 17:00:17,172 - httpx - INFO - HTTP Request: GET https://api.semanticscholar.org/graph/v1/paper/search?query=deep+learning&fields=title%2Cabstract%2Cyear%2Cauthors%2CcitationCount%2CpaperId%2Curl%2CopenAccessPdf%2CpublicationDate%2Cvenue%2CpublicationTypes%2CexternalIds%2CinfluentialCitationCount&offset=0&limit=10 "HTTP/1.1 200 OK"
2025-12-11 17:00:17,179 - modules.search_papers - INFO - Successfully retrieved 5 papers
2025-12-11 17:00:17,182 - modules.download_pdf - INFO - Starting batch download of 2 papers
2025-12-11 17:00:17,183 - modules.download_pdf - INFO - Downloading PDF (attempt 1/3): https://arxiv.org/pdf/1904.08128
2025-12-11 17:00:21,257 - modules.download_pdf - INFO - PDF validation successful: data/pdfs\f28e387d4229c5f690ce4570a391c0f47e7155c7_nnU-Net_ a self-configuring method for deep learning-based biomedical image segmentation.pdf
2025-12-11 17:00:21,258 - modules.download_pdf - INFO - Successfully downloaded PDF: data/pdfs\f28e387d4229c5f690ce4570a391c0f47e7155c7_nnU-Net_ a self-configuring method for deep learning-based biomedical image segmentation.pdf
2025-12-11 17:00:21,262 - modules.download_pdf - INFO - Downloading PDF (attempt 1/3): https://journalofbigdata.springeropen.com/counter/pdf/10.1186/s40537-021-00444-8
2025-12-11 17:00:28,230 - modules.download_pdf - INFO - PDF validation successful: data/pdfs\0084f3cb0a1754272151c5268a783f24bf5676a0_Review of deep learning_ concepts, CNN architectures, challenges, applications, future directions.pdf
2025-12-11 17:00:28,232 - modules.download_pdf - INFO - Successfully downloaded PDF: data/pdfs\0084f3cb0a1754272151c5268a783f24bf5676a0_Review of deep learning_ concepts, CNN architectures, challenges, applications, future directions.pdf
2025-12-11 17:00:28,234 - modules.download_pdf - INFO - Batch download complete. Success: 2, Failed: 0
2025-12-11 17:16:22,910 - modules.search_papers - INFO - Starting paper search for topic: 'deep learning natural language processing' (limit=10)
2025-12-11 17:16:22,911 - modules.search_papers - INFO - Attempting API request (attempt 1/3)
2025-12-11 17:16:25,898 - httpx - INFO - HTTP Request: GET https://api.semanticscholar.org/graph/v1/paper/search?query=deep+learning+natural+language+processing&fields=title%2Cabstract%2Cyear%2Cauthors%2CcitationCount%2CpaperId%2Curl%2CopenAccessPdf%2CpublicationDate%2Cvenue%2CpublicationTypes%2CexternalIds%2CinfluentialCitationCount&offset=0&limit=20 "HTTP/1.1 200 OK"
2025-12-11 17:16:28,779 - httpx - INFO - HTTP Request: GET https://api.semanticscholar.org/graph/v1/paper/search?query=deep+learning+natural+language+processing&fields=title%2Cabstract%2Cyear%2Cauthors%2CcitationCount%2CpaperId%2Curl%2CopenAccessPdf%2CpublicationDate%2Cvenue%2CpublicationTypes%2CexternalIds%2CinfluentialCitationCount&offset=20&limit=20 "HTTP/1.1 200 OK"
2025-12-11 17:16:28,972 - modules.search_papers - INFO - Successfully retrieved 10 papers
2025-12-11 17:16:28,991 - modules.search_papers - INFO - Metadata saved successfully to data/metadata/paper_metadata.json
2025-12-11 17:16:28,996 - modules.download_pdf - INFO - Starting batch download of 10 papers
2025-12-11 17:16:28,999 - modules.download_pdf - INFO - PDF validation successful: data/pdfs\7f5d5e032011ec4f3f6b2a414ba5a5c0a8b696f6_Security Vulnerability Detection Using Deep Learning Natural Language Processing.pdf
2025-12-11 17:16:29,000 - modules.download_pdf - INFO - PDF already exists: data/pdfs\7f5d5e032011ec4f3f6b2a414ba5a5c0a8b696f6_Security Vulnerability Detection Using Deep Learning Natural Language Processing.pdf
2025-12-11 17:16:29,011 - modules.download_pdf - INFO - Downloading PDF (attempt 1/3): https://doi.org/10.1109/tnnls.2020.2979670
2025-12-11 17:16:29,664 - modules.download_pdf - WARNING - Download attempt 1 failed: 418 Client Error: Unknown Code for url: https://ieeexplore.ieee.org/document/9075398/
2025-12-11 17:16:29,665 - modules.download_pdf - INFO - Waiting 2 seconds before retry...
2025-12-11 17:16:31,666 - modules.download_pdf - INFO - Downloading PDF (attempt 2/3): https://doi.org/10.1109/tnnls.2020.2979670
2025-12-11 17:16:32,701 - modules.download_pdf - WARNING - Download attempt 2 failed: 418 Client Error: Unknown Code for url: https://ieeexplore.ieee.org/document/9075398/
2025-12-11 17:16:32,702 - modules.download_pdf - INFO - Waiting 4 seconds before retry...
2025-12-11 17:16:36,703 - modules.download_pdf - INFO - Downloading PDF (attempt 3/3): https://doi.org/10.1109/tnnls.2020.2979670
2025-12-11 17:16:37,797 - modules.download_pdf - WARNING - Download attempt 3 failed: 418 Client Error: Unknown Code for url: https://ieeexplore.ieee.org/document/9075398/
2025-12-11 17:16:37,798 - modules.download_pdf - ERROR - All download attempts failed for: https://doi.org/10.1109/tnnls.2020.2979670
2025-12-11 17:16:37,801 - modules.download_pdf - INFO - Downloading PDF (attempt 1/3): https://doi.org/10.1016/j.nlp.2023.100026
2025-12-11 17:16:39,114 - modules.download_pdf - WARNING - File does not have PDF header: data/pdfs\2baa3d2699e680bd6b16bce603f1df6827ff98d8_Exploring the frontiers of deep learning and natural language processing_ A comprehensive overview of key challenges and emerging trends.pdf
2025-12-11 17:16:39,117 - modules.download_pdf - WARNING - Downloaded file is not a valid PDF: data/pdfs\2baa3d2699e680bd6b16bce603f1df6827ff98d8_Exploring the frontiers of deep learning and natural language processing_ A comprehensive overview of key challenges and emerging trends.pdf
2025-12-11 17:16:39,130 - modules.download_pdf - INFO - Downloading PDF (attempt 2/3): https://doi.org/10.1016/j.nlp.2023.100026
2025-12-11 17:16:40,239 - modules.download_pdf - WARNING - File does not have PDF header: data/pdfs\2baa3d2699e680bd6b16bce603f1df6827ff98d8_Exploring the frontiers of deep learning and natural language processing_ A comprehensive overview of key challenges and emerging trends.pdf
2025-12-11 17:16:40,240 - modules.download_pdf - WARNING - Downloaded file is not a valid PDF: data/pdfs\2baa3d2699e680bd6b16bce603f1df6827ff98d8_Exploring the frontiers of deep learning and natural language processing_ A comprehensive overview of key challenges and emerging trends.pdf
2025-12-11 17:16:40,242 - modules.download_pdf - INFO - Downloading PDF (attempt 3/3): https://doi.org/10.1016/j.nlp.2023.100026
2025-12-11 17:16:41,674 - modules.download_pdf - WARNING - File does not have PDF header: data/pdfs\2baa3d2699e680bd6b16bce603f1df6827ff98d8_Exploring the frontiers of deep learning and natural language processing_ A comprehensive overview of key challenges and emerging trends.pdf
2025-12-11 17:16:41,674 - modules.download_pdf - WARNING - Downloaded file is not a valid PDF: data/pdfs\2baa3d2699e680bd6b16bce603f1df6827ff98d8_Exploring the frontiers of deep learning and natural language processing_ A comprehensive overview of key challenges and emerging trends.pdf
2025-12-11 17:16:41,682 - modules.download_pdf - INFO - PDF validation successful: data/pdfs\5263141f4c7c3b7b6e6abdb1c88f190005f9c755_A Comprehensive Survey of Deep Learning Techniques Natural Language Processing.pdf
2025-12-11 17:16:41,683 - modules.download_pdf - INFO - PDF already exists: data/pdfs\5263141f4c7c3b7b6e6abdb1c88f190005f9c755_A Comprehensive Survey of Deep Learning Techniques Natural Language Processing.pdf
2025-12-11 17:16:41,685 - modules.download_pdf - WARNING - No PDF URL available for paper: Depression Detection from Social Media Text Analysis using Natural Language Processing Techniques and Hybrid Deep Learning Model
2025-12-11 17:16:41,691 - modules.download_pdf - INFO - PDF validation successful: data/pdfs\6b251abe70615f4c3a34a67cfa776a914367ad6e_How to keep text private_ A systematic review of deep learning methods for privacy-preserving natural language processing.pdf
2025-12-11 17:16:41,691 - modules.download_pdf - INFO - PDF already exists: data/pdfs\6b251abe70615f4c3a34a67cfa776a914367ad6e_How to keep text private_ A systematic review of deep learning methods for privacy-preserving natural language processing.pdf
2025-12-11 17:16:41,693 - modules.download_pdf - WARNING - No PDF URL available for paper: Natural Language Processing Advancements By Deep Learning: A Survey
2025-12-11 17:16:41,696 - modules.download_pdf - INFO - Downloading PDF (attempt 1/3): https://doi.org/10.1016/j.jbi.2021.103984
2025-12-11 17:16:42,830 - modules.download_pdf - WARNING - File does not have PDF header: data/pdfs\a346971a2e65e1e2f9f749ec7944023d1b6ad2be_Classifying social determinants of health from unstructured electronic health records using deep learning-based natural language processing.pdf
2025-12-11 17:16:42,830 - modules.download_pdf - WARNING - Downloaded file is not a valid PDF: data/pdfs\a346971a2e65e1e2f9f749ec7944023d1b6ad2be_Classifying social determinants of health from unstructured electronic health records using deep learning-based natural language processing.pdf
2025-12-11 17:16:42,832 - modules.download_pdf - INFO - Downloading PDF (attempt 2/3): https://doi.org/10.1016/j.jbi.2021.103984
2025-12-11 17:16:43,960 - modules.download_pdf - WARNING - File does not have PDF header: data/pdfs\a346971a2e65e1e2f9f749ec7944023d1b6ad2be_Classifying social determinants of health from unstructured electronic health records using deep learning-based natural language processing.pdf
2025-12-11 17:16:43,961 - modules.download_pdf - WARNING - Downloaded file is not a valid PDF: data/pdfs\a346971a2e65e1e2f9f749ec7944023d1b6ad2be_Classifying social determinants of health from unstructured electronic health records using deep learning-based natural language processing.pdf
2025-12-11 17:16:43,962 - modules.download_pdf - INFO - Downloading PDF (attempt 3/3): https://doi.org/10.1016/j.jbi.2021.103984
2025-12-11 17:16:45,079 - modules.download_pdf - WARNING - File does not have PDF header: data/pdfs\a346971a2e65e1e2f9f749ec7944023d1b6ad2be_Classifying social determinants of health from unstructured electronic health records using deep learning-based natural language processing.pdf
2025-12-11 17:16:45,080 - modules.download_pdf - WARNING - Downloaded file is not a valid PDF: data/pdfs\a346971a2e65e1e2f9f749ec7944023d1b6ad2be_Classifying social determinants of health from unstructured electronic health records using deep learning-based natural language processing.pdf
2025-12-11 17:16:45,083 - modules.download_pdf - WARNING - No PDF URL available for paper: Adversarial Attacks on Deep-learning Models in Natural Language Processing
2025-12-11 17:16:45,083 - modules.download_pdf - WARNING - No PDF URL available for paper: An introduction to Deep Learning in Natural Language Processing: Models, techniques, and tools
2025-12-11 17:16:45,085 - modules.download_pdf - INFO - Batch download complete. Success: 3, Failed: 7
2025-12-11 17:16:45,088 - modules.download_pdf - INFO - Metadata saved successfully to: data/metadata\selected_papers.json
2025-12-11 17:16:48,835 - modules.download_pdf - INFO - Starting batch download of 6 papers
2025-12-11 17:16:48,838 - modules.download_pdf - INFO - PDF validation successful: data/pdfs\7f5d5e032011ec4f3f6b2a414ba5a5c0a8b696f6_Security Vulnerability Detection Using Deep Learning Natural Language Processing.pdf
2025-12-11 17:16:48,838 - modules.download_pdf - INFO - PDF already exists: data/pdfs\7f5d5e032011ec4f3f6b2a414ba5a5c0a8b696f6_Security Vulnerability Detection Using Deep Learning Natural Language Processing.pdf
2025-12-11 17:16:48,840 - modules.download_pdf - INFO - Downloading PDF (attempt 1/3): https://doi.org/10.1109/tnnls.2020.2979670
2025-12-11 17:16:49,223 - modules.download_pdf - WARNING - Download attempt 1 failed: 418 Client Error: Unknown Code for url: https://ieeexplore.ieee.org/document/9075398/
2025-12-11 17:16:49,223 - modules.download_pdf - INFO - Waiting 2 seconds before retry...
2025-12-11 17:16:51,224 - modules.download_pdf - INFO - Downloading PDF (attempt 2/3): https://doi.org/10.1109/tnnls.2020.2979670
2025-12-11 17:16:52,063 - modules.download_pdf - WARNING - Download attempt 2 failed: 418 Client Error: Unknown Code for url: https://ieeexplore.ieee.org/document/9075398/
2025-12-11 17:16:52,064 - modules.download_pdf - INFO - Waiting 4 seconds before retry...
2025-12-11 17:16:56,065 - modules.download_pdf - INFO - Downloading PDF (attempt 3/3): https://doi.org/10.1109/tnnls.2020.2979670
2025-12-11 17:16:56,416 - modules.download_pdf - WARNING - Download attempt 3 failed: 418 Client Error: Unknown Code for url: https://ieeexplore.ieee.org/document/9075398/
2025-12-11 17:16:56,418 - modules.download_pdf - ERROR - All download attempts failed for: https://doi.org/10.1109/tnnls.2020.2979670
2025-12-11 17:16:56,429 - modules.download_pdf - INFO - Downloading PDF (attempt 1/3): https://doi.org/10.1016/j.nlp.2023.100026
2025-12-11 17:16:57,652 - modules.download_pdf - WARNING - File does not have PDF header: data/pdfs\2baa3d2699e680bd6b16bce603f1df6827ff98d8_Exploring the frontiers of deep learning and natural language processing_ A comprehensive overview of key challenges and emerging trends.pdf
2025-12-11 17:16:57,652 - modules.download_pdf - WARNING - Downloaded file is not a valid PDF: data/pdfs\2baa3d2699e680bd6b16bce603f1df6827ff98d8_Exploring the frontiers of deep learning and natural language processing_ A comprehensive overview of key challenges and emerging trends.pdf
2025-12-11 17:16:57,654 - modules.download_pdf - INFO - Downloading PDF (attempt 2/3): https://doi.org/10.1016/j.nlp.2023.100026
2025-12-11 17:16:58,825 - modules.download_pdf - WARNING - File does not have PDF header: data/pdfs\2baa3d2699e680bd6b16bce603f1df6827ff98d8_Exploring the frontiers of deep learning and natural language processing_ A comprehensive overview of key challenges and emerging trends.pdf
2025-12-11 17:16:58,826 - modules.download_pdf - WARNING - Downloaded file is not a valid PDF: data/pdfs\2baa3d2699e680bd6b16bce603f1df6827ff98d8_Exploring the frontiers of deep learning and natural language processing_ A comprehensive overview of key challenges and emerging trends.pdf
2025-12-11 17:16:58,828 - modules.download_pdf - INFO - Downloading PDF (attempt 3/3): https://doi.org/10.1016/j.nlp.2023.100026
2025-12-11 17:16:59,860 - modules.download_pdf - WARNING - File does not have PDF header: data/pdfs\2baa3d2699e680bd6b16bce603f1df6827ff98d8_Exploring the frontiers of deep learning and natural language processing_ A comprehensive overview of key challenges and emerging trends.pdf
2025-12-11 17:16:59,861 - modules.download_pdf - WARNING - Downloaded file is not a valid PDF: data/pdfs\2baa3d2699e680bd6b16bce603f1df6827ff98d8_Exploring the frontiers of deep learning and natural language processing_ A comprehensive overview of key challenges and emerging trends.pdf
2025-12-11 17:16:59,866 - modules.download_pdf - INFO - PDF validation successful: data/pdfs\5263141f4c7c3b7b6e6abdb1c88f190005f9c755_A Comprehensive Survey of Deep Learning Techniques Natural Language Processing.pdf
2025-12-11 17:16:59,867 - modules.download_pdf - INFO - PDF already exists: data/pdfs\5263141f4c7c3b7b6e6abdb1c88f190005f9c755_A Comprehensive Survey of Deep Learning Techniques Natural Language Processing.pdf
2025-12-11 17:16:59,869 - modules.download_pdf - INFO - PDF validation successful: data/pdfs\6b251abe70615f4c3a34a67cfa776a914367ad6e_How to keep text private_ A systematic review of deep learning methods for privacy-preserving natural language processing.pdf
2025-12-11 17:16:59,870 - modules.download_pdf - INFO - PDF already exists: data/pdfs\6b251abe70615f4c3a34a67cfa776a914367ad6e_How to keep text private_ A systematic review of deep learning methods for privacy-preserving natural language processing.pdf
2025-12-11 17:16:59,871 - modules.download_pdf - INFO - Downloading PDF (attempt 1/3): https://doi.org/10.1016/j.jbi.2021.103984
2025-12-11 17:17:00,893 - modules.download_pdf - WARNING - File does not have PDF header: data/pdfs\a346971a2e65e1e2f9f749ec7944023d1b6ad2be_Classifying social determinants of health from unstructured electronic health records using deep learning-based natural language processing.pdf
2025-12-11 17:17:00,894 - modules.download_pdf - WARNING - Downloaded file is not a valid PDF: data/pdfs\a346971a2e65e1e2f9f749ec7944023d1b6ad2be_Classifying social determinants of health from unstructured electronic health records using deep learning-based natural language processing.pdf
2025-12-11 17:17:00,895 - modules.download_pdf - INFO - Downloading PDF (attempt 2/3): https://doi.org/10.1016/j.jbi.2021.103984
2025-12-11 17:17:01,964 - modules.download_pdf - WARNING - File does not have PDF header: data/pdfs\a346971a2e65e1e2f9f749ec7944023d1b6ad2be_Classifying social determinants of health from unstructured electronic health records using deep learning-based natural language processing.pdf
2025-12-11 17:17:01,965 - modules.download_pdf - WARNING - Downloaded file is not a valid PDF: data/pdfs\a346971a2e65e1e2f9f749ec7944023d1b6ad2be_Classifying social determinants of health from unstructured electronic health records using deep learning-based natural language processing.pdf
2025-12-11 17:17:01,966 - modules.download_pdf - INFO - Downloading PDF (attempt 3/3): https://doi.org/10.1016/j.jbi.2021.103984
2025-12-11 17:17:03,025 - modules.download_pdf - WARNING - File does not have PDF header: data/pdfs\a346971a2e65e1e2f9f749ec7944023d1b6ad2be_Classifying social determinants of health from unstructured electronic health records using deep learning-based natural language processing.pdf
2025-12-11 17:17:03,026 - modules.download_pdf - WARNING - Downloaded file is not a valid PDF: data/pdfs\a346971a2e65e1e2f9f749ec7944023d1b6ad2be_Classifying social determinants of health from unstructured electronic health records using deep learning-based natural language processing.pdf
2025-12-11 17:17:03,031 - modules.download_pdf - INFO - Batch download complete. Success: 3, Failed: 3
2025-12-11 17:17:03,036 - modules.download_pdf - INFO - Metadata saved successfully to: data/metadata\selected_papers.json
2025-12-11 17:17:03,076 - modules.download_pdf - INFO - PDF validation successful: data/pdfs\7f5d5e032011ec4f3f6b2a414ba5a5c0a8b696f6_Security Vulnerability Detection Using Deep Learning Natural Language Processing.pdf
2025-12-11 17:17:03,135 - modules.download_pdf - INFO - PDF validation successful: data/pdfs\5263141f4c7c3b7b6e6abdb1c88f190005f9c755_A Comprehensive Survey of Deep Learning Techniques Natural Language Processing.pdf
2025-12-11 17:17:03,327 - modules.download_pdf - INFO - PDF validation successful: data/pdfs\6b251abe70615f4c3a34a67cfa776a914367ad6e_How to keep text private_ A systematic review of deep learning methods for privacy-preserving natural language processing.pdf
2025-12-11 17:17:03,330 - modules.download_pdf - INFO - Metadata saved successfully to: data/metadata\selected_papers.json
2025-12-11 17:32:04,469 - modules.search_papers - INFO - Starting paper search for topic: 'deep learning natural language processing' (limit=10)
2025-12-11 17:32:04,470 - modules.search_papers - INFO - Attempting API request (attempt 1/3)
2025-12-11 17:32:06,710 - httpx - INFO - HTTP Request: GET https://api.semanticscholar.org/graph/v1/paper/search?query=deep+learning+natural+language+processing&fields=title%2Cabstract%2Cyear%2Cauthors%2CcitationCount%2CpaperId%2Curl%2CopenAccessPdf%2CpublicationDate%2Cvenue%2CpublicationTypes%2CexternalIds%2CinfluentialCitationCount&offset=0&limit=20 "HTTP/1.1 200 OK"
2025-12-11 17:32:09,324 - httpx - INFO - HTTP Request: GET https://api.semanticscholar.org/graph/v1/paper/search?query=deep+learning+natural+language+processing&fields=title%2Cabstract%2Cyear%2Cauthors%2CcitationCount%2CpaperId%2Curl%2CopenAccessPdf%2CpublicationDate%2Cvenue%2CpublicationTypes%2CexternalIds%2CinfluentialCitationCount&offset=20&limit=20 "HTTP/1.1 200 OK"
2025-12-11 17:32:09,517 - modules.search_papers - INFO - Successfully retrieved 10 papers
2025-12-11 17:32:09,533 - modules.search_papers - INFO - Metadata saved successfully to data/metadata/paper_metadata.json
2025-12-11 17:32:09,534 - modules.download_pdf - INFO - Starting batch download of 10 papers
2025-12-11 17:32:09,540 - modules.download_pdf - INFO - PDF validation successful: data/pdfs\7f5d5e032011ec4f3f6b2a414ba5a5c0a8b696f6_Security Vulnerability Detection Using Deep Learning Natural Language Processing.pdf
2025-12-11 17:32:09,540 - modules.download_pdf - INFO - PDF already exists: data/pdfs\7f5d5e032011ec4f3f6b2a414ba5a5c0a8b696f6_Security Vulnerability Detection Using Deep Learning Natural Language Processing.pdf
2025-12-11 17:32:09,542 - modules.download_pdf - INFO - Downloading PDF (attempt 1/3): https://doi.org/10.1109/tnnls.2020.2979670
2025-12-11 17:32:09,969 - modules.download_pdf - WARNING - Download attempt 1 failed: 418 Client Error: Unknown Code for url: https://ieeexplore.ieee.org/document/9075398/
2025-12-11 17:32:09,969 - modules.download_pdf - INFO - Waiting 2 seconds before retry...
2025-12-11 17:32:11,970 - modules.download_pdf - INFO - Downloading PDF (attempt 2/3): https://doi.org/10.1109/tnnls.2020.2979670
2025-12-11 17:32:12,792 - modules.download_pdf - WARNING - Download attempt 2 failed: 418 Client Error: Unknown Code for url: https://ieeexplore.ieee.org/document/9075398/
2025-12-11 17:32:12,793 - modules.download_pdf - INFO - Waiting 4 seconds before retry...
2025-12-11 17:32:16,794 - modules.download_pdf - INFO - Downloading PDF (attempt 3/3): https://doi.org/10.1109/tnnls.2020.2979670
2025-12-11 17:32:17,586 - modules.download_pdf - WARNING - Download attempt 3 failed: 418 Client Error: Unknown Code for url: https://ieeexplore.ieee.org/document/9075398/
2025-12-11 17:32:17,587 - modules.download_pdf - ERROR - All download attempts failed for: https://doi.org/10.1109/tnnls.2020.2979670
2025-12-11 17:32:17,591 - modules.download_pdf - INFO - Downloading PDF (attempt 1/3): https://doi.org/10.1016/j.nlp.2023.100026
2025-12-11 17:32:19,269 - modules.download_pdf - WARNING - File does not have PDF header: data/pdfs\2baa3d2699e680bd6b16bce603f1df6827ff98d8_Exploring the frontiers of deep learning and natural language processing_ A comprehensive overview of key challenges and emerging trends.pdf
2025-12-11 17:32:19,271 - modules.download_pdf - WARNING - Downloaded file is not a valid PDF: data/pdfs\2baa3d2699e680bd6b16bce603f1df6827ff98d8_Exploring the frontiers of deep learning and natural language processing_ A comprehensive overview of key challenges and emerging trends.pdf
2025-12-11 17:32:19,295 - modules.download_pdf - INFO - Downloading PDF (attempt 2/3): https://doi.org/10.1016/j.nlp.2023.100026
2025-12-11 17:32:20,390 - modules.download_pdf - WARNING - File does not have PDF header: data/pdfs\2baa3d2699e680bd6b16bce603f1df6827ff98d8_Exploring the frontiers of deep learning and natural language processing_ A comprehensive overview of key challenges and emerging trends.pdf
2025-12-11 17:32:20,391 - modules.download_pdf - WARNING - Downloaded file is not a valid PDF: data/pdfs\2baa3d2699e680bd6b16bce603f1df6827ff98d8_Exploring the frontiers of deep learning and natural language processing_ A comprehensive overview of key challenges and emerging trends.pdf
2025-12-11 17:32:20,393 - modules.download_pdf - INFO - Downloading PDF (attempt 3/3): https://doi.org/10.1016/j.nlp.2023.100026
2025-12-11 17:32:21,400 - modules.download_pdf - WARNING - File does not have PDF header: data/pdfs\2baa3d2699e680bd6b16bce603f1df6827ff98d8_Exploring the frontiers of deep learning and natural language processing_ A comprehensive overview of key challenges and emerging trends.pdf
2025-12-11 17:32:21,402 - modules.download_pdf - WARNING - Downloaded file is not a valid PDF: data/pdfs\2baa3d2699e680bd6b16bce603f1df6827ff98d8_Exploring the frontiers of deep learning and natural language processing_ A comprehensive overview of key challenges and emerging trends.pdf
2025-12-11 17:32:21,409 - modules.download_pdf - INFO - PDF validation successful: data/pdfs\5263141f4c7c3b7b6e6abdb1c88f190005f9c755_A Comprehensive Survey of Deep Learning Techniques Natural Language Processing.pdf
2025-12-11 17:32:21,410 - modules.download_pdf - INFO - PDF already exists: data/pdfs\5263141f4c7c3b7b6e6abdb1c88f190005f9c755_A Comprehensive Survey of Deep Learning Techniques Natural Language Processing.pdf
2025-12-11 17:32:21,411 - modules.download_pdf - WARNING - No PDF URL available for paper: Depression Detection from Social Media Text Analysis using Natural Language Processing Techniques and Hybrid Deep Learning Model
2025-12-11 17:32:21,414 - modules.download_pdf - INFO - PDF validation successful: data/pdfs\6b251abe70615f4c3a34a67cfa776a914367ad6e_How to keep text private_ A systematic review of deep learning methods for privacy-preserving natural language processing.pdf
2025-12-11 17:32:21,415 - modules.download_pdf - INFO - PDF already exists: data/pdfs\6b251abe70615f4c3a34a67cfa776a914367ad6e_How to keep text private_ A systematic review of deep learning methods for privacy-preserving natural language processing.pdf
2025-12-11 17:32:21,415 - modules.download_pdf - WARNING - No PDF URL available for paper: Natural Language Processing Advancements By Deep Learning: A Survey
2025-12-11 17:32:21,417 - modules.download_pdf - INFO - Downloading PDF (attempt 1/3): https://doi.org/10.1016/j.jbi.2021.103984
2025-12-11 17:32:22,671 - modules.download_pdf - WARNING - File does not have PDF header: data/pdfs\a346971a2e65e1e2f9f749ec7944023d1b6ad2be_Classifying social determinants of health from unstructured electronic health records using deep learning-based natural language processing.pdf
2025-12-11 17:32:22,672 - modules.download_pdf - WARNING - Downloaded file is not a valid PDF: data/pdfs\a346971a2e65e1e2f9f749ec7944023d1b6ad2be_Classifying social determinants of health from unstructured electronic health records using deep learning-based natural language processing.pdf
2025-12-11 17:32:22,673 - modules.download_pdf - INFO - Downloading PDF (attempt 2/3): https://doi.org/10.1016/j.jbi.2021.103984
2025-12-11 17:32:23,764 - modules.download_pdf - WARNING - File does not have PDF header: data/pdfs\a346971a2e65e1e2f9f749ec7944023d1b6ad2be_Classifying social determinants of health from unstructured electronic health records using deep learning-based natural language processing.pdf
2025-12-11 17:32:23,765 - modules.download_pdf - WARNING - Downloaded file is not a valid PDF: data/pdfs\a346971a2e65e1e2f9f749ec7944023d1b6ad2be_Classifying social determinants of health from unstructured electronic health records using deep learning-based natural language processing.pdf
2025-12-11 17:32:23,767 - modules.download_pdf - INFO - Downloading PDF (attempt 3/3): https://doi.org/10.1016/j.jbi.2021.103984
2025-12-11 17:32:24,830 - modules.download_pdf - WARNING - File does not have PDF header: data/pdfs\a346971a2e65e1e2f9f749ec7944023d1b6ad2be_Classifying social determinants of health from unstructured electronic health records using deep learning-based natural language processing.pdf
2025-12-11 17:32:24,831 - modules.download_pdf - WARNING - Downloaded file is not a valid PDF: data/pdfs\a346971a2e65e1e2f9f749ec7944023d1b6ad2be_Classifying social determinants of health from unstructured electronic health records using deep learning-based natural language processing.pdf
2025-12-11 17:32:24,835 - modules.download_pdf - WARNING - No PDF URL available for paper: Adversarial Attacks on Deep-learning Models in Natural Language Processing
2025-12-11 17:32:24,836 - modules.download_pdf - WARNING - No PDF URL available for paper: An introduction to Deep Learning in Natural Language Processing: Models, techniques, and tools
2025-12-11 17:32:24,839 - modules.download_pdf - INFO - Batch download complete. Success: 3, Failed: 7
2025-12-11 17:32:24,842 - modules.download_pdf - INFO - Metadata saved successfully to: data/metadata\selected_papers.json
2025-12-11 17:56:11,752 - modules.search_papers - INFO - Starting paper search for topic: 'deep learning natural language processing' (limit=10)
2025-12-11 17:56:11,753 - modules.search_papers - INFO - Attempting API request (attempt 1/3)
2025-12-11 17:56:14,328 - httpx - INFO - HTTP Request: GET https://api.semanticscholar.org/graph/v1/paper/search?query=deep+learning+natural+language+processing&fields=title%2Cabstract%2Cyear%2Cauthors%2CcitationCount%2CpaperId%2Curl%2CopenAccessPdf%2CpublicationDate%2Cvenue%2CpublicationTypes%2CexternalIds%2CinfluentialCitationCount&offset=0&limit=20 "HTTP/1.1 200 OK"
2025-12-11 17:56:16,221 - httpx - INFO - HTTP Request: GET https://api.semanticscholar.org/graph/v1/paper/search?query=deep+learning+natural+language+processing&fields=title%2Cabstract%2Cyear%2Cauthors%2CcitationCount%2CpaperId%2Curl%2CopenAccessPdf%2CpublicationDate%2Cvenue%2CpublicationTypes%2CexternalIds%2CinfluentialCitationCount&offset=20&limit=20 "HTTP/1.1 200 OK"
2025-12-11 17:56:16,412 - modules.search_papers - INFO - Successfully retrieved 10 papers
2025-12-11 17:56:16,421 - modules.search_papers - INFO - Metadata saved successfully to data/metadata/paper_metadata.json
2025-12-11 17:56:16,421 - modules.download_pdf - INFO - Starting batch download of 10 papers
2025-12-11 17:56:16,425 - modules.download_pdf - INFO - PDF validation successful: data/pdfs\7f5d5e032011ec4f3f6b2a414ba5a5c0a8b696f6_Security Vulnerability Detection Using Deep Learning Natural Language Processing.pdf
2025-12-11 17:56:16,426 - modules.download_pdf - INFO - PDF already exists: data/pdfs\7f5d5e032011ec4f3f6b2a414ba5a5c0a8b696f6_Security Vulnerability Detection Using Deep Learning Natural Language Processing.pdf
2025-12-11 17:56:16,427 - modules.download_pdf - INFO - Downloading PDF (attempt 1/3): https://doi.org/10.1109/tnnls.2020.2979670
2025-12-11 17:56:16,974 - modules.download_pdf - WARNING - Download attempt 1 failed: 418 Client Error: Unknown Code for url: https://ieeexplore.ieee.org/document/9075398/
2025-12-11 17:56:16,974 - modules.download_pdf - INFO - Waiting 2 seconds before retry...
2025-12-11 17:56:18,975 - modules.download_pdf - INFO - Downloading PDF (attempt 2/3): https://doi.org/10.1109/tnnls.2020.2979670
2025-12-11 17:56:19,346 - modules.download_pdf - WARNING - Download attempt 2 failed: 418 Client Error: Unknown Code for url: https://ieeexplore.ieee.org/document/9075398/
2025-12-11 17:56:19,346 - modules.download_pdf - INFO - Waiting 4 seconds before retry...
2025-12-11 17:56:23,347 - modules.download_pdf - INFO - Downloading PDF (attempt 3/3): https://doi.org/10.1109/tnnls.2020.2979670
2025-12-11 17:56:23,690 - modules.download_pdf - WARNING - Download attempt 3 failed: 418 Client Error: Unknown Code for url: https://ieeexplore.ieee.org/document/9075398/
2025-12-11 17:56:23,690 - modules.download_pdf - ERROR - All download attempts failed for: https://doi.org/10.1109/tnnls.2020.2979670
2025-12-11 17:56:23,692 - modules.download_pdf - INFO - Downloading PDF (attempt 1/3): https://doi.org/10.1016/j.nlp.2023.100026
2025-12-11 17:56:27,247 - modules.download_pdf - WARNING - File does not have PDF header: data/pdfs\2baa3d2699e680bd6b16bce603f1df6827ff98d8_Exploring the frontiers of deep learning and natural language processing_ A comprehensive overview of key challenges and emerging trends.pdf
2025-12-11 17:56:27,247 - modules.download_pdf - WARNING - Downloaded file is not a valid PDF: data/pdfs\2baa3d2699e680bd6b16bce603f1df6827ff98d8_Exploring the frontiers of deep learning and natural language processing_ A comprehensive overview of key challenges and emerging trends.pdf
2025-12-11 17:56:27,248 - modules.download_pdf - INFO - Downloading PDF (attempt 2/3): https://doi.org/10.1016/j.nlp.2023.100026
2025-12-11 17:56:28,210 - modules.download_pdf - WARNING - File does not have PDF header: data/pdfs\2baa3d2699e680bd6b16bce603f1df6827ff98d8_Exploring the frontiers of deep learning and natural language processing_ A comprehensive overview of key challenges and emerging trends.pdf
2025-12-11 17:56:28,211 - modules.download_pdf - WARNING - Downloaded file is not a valid PDF: data/pdfs\2baa3d2699e680bd6b16bce603f1df6827ff98d8_Exploring the frontiers of deep learning and natural language processing_ A comprehensive overview of key challenges and emerging trends.pdf
2025-12-11 17:56:28,213 - modules.download_pdf - INFO - Downloading PDF (attempt 3/3): https://doi.org/10.1016/j.nlp.2023.100026
2025-12-11 17:56:29,414 - modules.download_pdf - WARNING - File does not have PDF header: data/pdfs\2baa3d2699e680bd6b16bce603f1df6827ff98d8_Exploring the frontiers of deep learning and natural language processing_ A comprehensive overview of key challenges and emerging trends.pdf
2025-12-11 17:56:29,414 - modules.download_pdf - WARNING - Downloaded file is not a valid PDF: data/pdfs\2baa3d2699e680bd6b16bce603f1df6827ff98d8_Exploring the frontiers of deep learning and natural language processing_ A comprehensive overview of key challenges and emerging trends.pdf
2025-12-11 17:56:29,419 - modules.download_pdf - INFO - PDF validation successful: data/pdfs\5263141f4c7c3b7b6e6abdb1c88f190005f9c755_A Comprehensive Survey of Deep Learning Techniques Natural Language Processing.pdf
2025-12-11 17:56:29,420 - modules.download_pdf - INFO - PDF already exists: data/pdfs\5263141f4c7c3b7b6e6abdb1c88f190005f9c755_A Comprehensive Survey of Deep Learning Techniques Natural Language Processing.pdf
2025-12-11 17:56:29,420 - modules.download_pdf - WARNING - No PDF URL available for paper: Depression Detection from Social Media Text Analysis using Natural Language Processing Techniques and Hybrid Deep Learning Model
2025-12-11 17:56:29,423 - modules.download_pdf - INFO - PDF validation successful: data/pdfs\6b251abe70615f4c3a34a67cfa776a914367ad6e_How to keep text private_ A systematic review of deep learning methods for privacy-preserving natural language processing.pdf
2025-12-11 17:56:29,424 - modules.download_pdf - INFO - PDF already exists: data/pdfs\6b251abe70615f4c3a34a67cfa776a914367ad6e_How to keep text private_ A systematic review of deep learning methods for privacy-preserving natural language processing.pdf
2025-12-11 17:56:29,424 - modules.download_pdf - WARNING - No PDF URL available for paper: Natural Language Processing Advancements By Deep Learning: A Survey
2025-12-11 17:56:29,425 - modules.download_pdf - INFO - Downloading PDF (attempt 1/3): https://doi.org/10.1016/j.jbi.2021.103984
2025-12-11 17:56:30,715 - modules.download_pdf - WARNING - File does not have PDF header: data/pdfs\a346971a2e65e1e2f9f749ec7944023d1b6ad2be_Classifying social determinants of health from unstructured electronic health records using deep learning-based natural language processing.pdf
2025-12-11 17:56:30,715 - modules.download_pdf - WARNING - Downloaded file is not a valid PDF: data/pdfs\a346971a2e65e1e2f9f749ec7944023d1b6ad2be_Classifying social determinants of health from unstructured electronic health records using deep learning-based natural language processing.pdf
2025-12-11 17:56:30,717 - modules.download_pdf - INFO - Downloading PDF (attempt 2/3): https://doi.org/10.1016/j.jbi.2021.103984
2025-12-11 17:56:31,935 - modules.download_pdf - WARNING - File does not have PDF header: data/pdfs\a346971a2e65e1e2f9f749ec7944023d1b6ad2be_Classifying social determinants of health from unstructured electronic health records using deep learning-based natural language processing.pdf
2025-12-11 17:56:31,936 - modules.download_pdf - WARNING - Downloaded file is not a valid PDF: data/pdfs\a346971a2e65e1e2f9f749ec7944023d1b6ad2be_Classifying social determinants of health from unstructured electronic health records using deep learning-based natural language processing.pdf
2025-12-11 17:56:31,937 - modules.download_pdf - INFO - Downloading PDF (attempt 3/3): https://doi.org/10.1016/j.jbi.2021.103984
2025-12-11 17:56:33,236 - modules.download_pdf - WARNING - File does not have PDF header: data/pdfs\a346971a2e65e1e2f9f749ec7944023d1b6ad2be_Classifying social determinants of health from unstructured electronic health records using deep learning-based natural language processing.pdf
2025-12-11 17:56:33,237 - modules.download_pdf - WARNING - Downloaded file is not a valid PDF: data/pdfs\a346971a2e65e1e2f9f749ec7944023d1b6ad2be_Classifying social determinants of health from unstructured electronic health records using deep learning-based natural language processing.pdf
2025-12-11 17:56:33,240 - modules.download_pdf - WARNING - No PDF URL available for paper: Adversarial Attacks on Deep-learning Models in Natural Language Processing
2025-12-11 17:56:33,240 - modules.download_pdf - WARNING - No PDF URL available for paper: An introduction to Deep Learning in Natural Language Processing: Models, techniques, and tools
2025-12-11 17:56:33,242 - modules.download_pdf - INFO - Batch download complete. Success: 3, Failed: 7
2025-12-11 17:56:33,245 - modules.download_pdf - INFO - Metadata saved successfully to: data/metadata\selected_papers.json
2025-12-11 19:10:06,356 - modules.search_papers - INFO - Starting paper search for topic: 'deep learning natural language processing' (limit=10)
2025-12-11 19:10:06,358 - modules.search_papers - INFO - Attempting API request (attempt 1/3)
2025-12-11 19:10:10,078 - httpx - INFO - HTTP Request: GET https://api.semanticscholar.org/graph/v1/paper/search?query=deep+learning+natural+language+processing&fields=title%2Cabstract%2Cyear%2Cauthors%2CcitationCount%2CpaperId%2Curl%2CopenAccessPdf%2CpublicationDate%2Cvenue%2CpublicationTypes%2CexternalIds%2CinfluentialCitationCount&offset=0&limit=20 "HTTP/1.1 200 OK"
2025-12-11 19:10:12,849 - httpx - INFO - HTTP Request: GET https://api.semanticscholar.org/graph/v1/paper/search?query=deep+learning+natural+language+processing&fields=title%2Cabstract%2Cyear%2Cauthors%2CcitationCount%2CpaperId%2Curl%2CopenAccessPdf%2CpublicationDate%2Cvenue%2CpublicationTypes%2CexternalIds%2CinfluentialCitationCount&offset=20&limit=20 "HTTP/1.1 200 OK"
2025-12-11 19:10:13,082 - modules.search_papers - INFO - Successfully retrieved 10 papers
2025-12-11 19:10:13,097 - modules.search_papers - INFO - Metadata saved successfully to data/metadata/paper_metadata.json
2025-12-11 19:10:13,098 - modules.download_pdf - INFO - Starting batch download of 10 papers
2025-12-11 19:10:13,163 - modules.download_pdf - INFO - PDF validation successful: data/pdfs\7f5d5e032011ec4f3f6b2a414ba5a5c0a8b696f6_Security Vulnerability Detection Using Deep Learning Natural Language Processing.pdf
2025-12-11 19:10:13,164 - modules.download_pdf - INFO - PDF already exists: data/pdfs\7f5d5e032011ec4f3f6b2a414ba5a5c0a8b696f6_Security Vulnerability Detection Using Deep Learning Natural Language Processing.pdf
2025-12-11 19:10:13,167 - modules.download_pdf - INFO - Downloading PDF (attempt 1/3): https://doi.org/10.1109/tnnls.2020.2979670
2025-12-11 19:10:13,627 - modules.download_pdf - WARNING - Download attempt 1 failed: 418 Client Error: Unknown Code for url: https://ieeexplore.ieee.org/document/9075398/
2025-12-11 19:10:13,628 - modules.download_pdf - INFO - Waiting 2 seconds before retry...
2025-12-11 19:10:15,630 - modules.download_pdf - INFO - Downloading PDF (attempt 2/3): https://doi.org/10.1109/tnnls.2020.2979670
2025-12-11 19:10:15,980 - modules.download_pdf - WARNING - Download attempt 2 failed: 418 Client Error: Unknown Code for url: https://ieeexplore.ieee.org/document/9075398/
2025-12-11 19:10:15,981 - modules.download_pdf - INFO - Waiting 4 seconds before retry...
2025-12-11 19:10:19,981 - modules.download_pdf - INFO - Downloading PDF (attempt 3/3): https://doi.org/10.1109/tnnls.2020.2979670
2025-12-11 19:10:20,348 - modules.download_pdf - WARNING - Download attempt 3 failed: 418 Client Error: Unknown Code for url: https://ieeexplore.ieee.org/document/9075398/
2025-12-11 19:10:20,348 - modules.download_pdf - ERROR - All download attempts failed for: https://doi.org/10.1109/tnnls.2020.2979670
2025-12-11 19:10:20,353 - modules.download_pdf - INFO - Downloading PDF (attempt 1/3): https://doi.org/10.1016/j.nlp.2023.100026
2025-12-11 19:10:22,358 - modules.download_pdf - WARNING - File does not have PDF header: data/pdfs\2baa3d2699e680bd6b16bce603f1df6827ff98d8_Exploring the frontiers of deep learning and natural language processing_ A comprehensive overview of key challenges and emerging trends.pdf
2025-12-11 19:10:22,359 - modules.download_pdf - WARNING - Downloaded file is not a valid PDF: data/pdfs\2baa3d2699e680bd6b16bce603f1df6827ff98d8_Exploring the frontiers of deep learning and natural language processing_ A comprehensive overview of key challenges and emerging trends.pdf
2025-12-11 19:10:22,363 - modules.download_pdf - INFO - Downloading PDF (attempt 2/3): https://doi.org/10.1016/j.nlp.2023.100026
2025-12-11 19:10:23,754 - modules.download_pdf - WARNING - File does not have PDF header: data/pdfs\2baa3d2699e680bd6b16bce603f1df6827ff98d8_Exploring the frontiers of deep learning and natural language processing_ A comprehensive overview of key challenges and emerging trends.pdf
2025-12-11 19:10:23,755 - modules.download_pdf - WARNING - Downloaded file is not a valid PDF: data/pdfs\2baa3d2699e680bd6b16bce603f1df6827ff98d8_Exploring the frontiers of deep learning and natural language processing_ A comprehensive overview of key challenges and emerging trends.pdf
2025-12-11 19:10:23,758 - modules.download_pdf - INFO - Downloading PDF (attempt 3/3): https://doi.org/10.1016/j.nlp.2023.100026
2025-12-11 19:10:24,873 - modules.download_pdf - WARNING - File does not have PDF header: data/pdfs\2baa3d2699e680bd6b16bce603f1df6827ff98d8_Exploring the frontiers of deep learning and natural language processing_ A comprehensive overview of key challenges and emerging trends.pdf
2025-12-11 19:10:24,874 - modules.download_pdf - WARNING - Downloaded file is not a valid PDF: data/pdfs\2baa3d2699e680bd6b16bce603f1df6827ff98d8_Exploring the frontiers of deep learning and natural language processing_ A comprehensive overview of key challenges and emerging trends.pdf
2025-12-11 19:10:25,719 - modules.download_pdf - INFO - PDF validation successful: data/pdfs\5263141f4c7c3b7b6e6abdb1c88f190005f9c755_A Comprehensive Survey of Deep Learning Techniques Natural Language Processing.pdf
2025-12-11 19:10:25,720 - modules.download_pdf - INFO - PDF already exists: data/pdfs\5263141f4c7c3b7b6e6abdb1c88f190005f9c755_A Comprehensive Survey of Deep Learning Techniques Natural Language Processing.pdf
2025-12-11 19:10:25,722 - modules.download_pdf - WARNING - No PDF URL available for paper: Depression Detection from Social Media Text Analysis using Natural Language Processing Techniques and Hybrid Deep Learning Model
2025-12-11 19:10:25,785 - modules.download_pdf - INFO - PDF validation successful: data/pdfs\6b251abe70615f4c3a34a67cfa776a914367ad6e_How to keep text private_ A systematic review of deep learning methods for privacy-preserving natural language processing.pdf
2025-12-11 19:10:25,786 - modules.download_pdf - INFO - PDF already exists: data/pdfs\6b251abe70615f4c3a34a67cfa776a914367ad6e_How to keep text private_ A systematic review of deep learning methods for privacy-preserving natural language processing.pdf
2025-12-11 19:10:25,787 - modules.download_pdf - WARNING - No PDF URL available for paper: Natural Language Processing Advancements By Deep Learning: A Survey
2025-12-11 19:10:25,790 - modules.download_pdf - INFO - Downloading PDF (attempt 1/3): https://doi.org/10.1016/j.jbi.2021.103984
2025-12-11 19:10:27,141 - modules.download_pdf - WARNING - File does not have PDF header: data/pdfs\a346971a2e65e1e2f9f749ec7944023d1b6ad2be_Classifying social determinants of health from unstructured electronic health records using deep learning-based natural language processing.pdf
2025-12-11 19:10:27,143 - modules.download_pdf - WARNING - Downloaded file is not a valid PDF: data/pdfs\a346971a2e65e1e2f9f749ec7944023d1b6ad2be_Classifying social determinants of health from unstructured electronic health records using deep learning-based natural language processing.pdf
2025-12-11 19:10:27,147 - modules.download_pdf - INFO - Downloading PDF (attempt 2/3): https://doi.org/10.1016/j.jbi.2021.103984
2025-12-11 19:10:28,182 - modules.download_pdf - WARNING - File does not have PDF header: data/pdfs\a346971a2e65e1e2f9f749ec7944023d1b6ad2be_Classifying social determinants of health from unstructured electronic health records using deep learning-based natural language processing.pdf
2025-12-11 19:10:28,183 - modules.download_pdf - WARNING - Downloaded file is not a valid PDF: data/pdfs\a346971a2e65e1e2f9f749ec7944023d1b6ad2be_Classifying social determinants of health from unstructured electronic health records using deep learning-based natural language processing.pdf
2025-12-11 19:10:28,186 - modules.download_pdf - INFO - Downloading PDF (attempt 3/3): https://doi.org/10.1016/j.jbi.2021.103984
2025-12-11 19:10:29,364 - modules.download_pdf - WARNING - File does not have PDF header: data/pdfs\a346971a2e65e1e2f9f749ec7944023d1b6ad2be_Classifying social determinants of health from unstructured electronic health records using deep learning-based natural language processing.pdf
2025-12-11 19:10:29,365 - modules.download_pdf - WARNING - Downloaded file is not a valid PDF: data/pdfs\a346971a2e65e1e2f9f749ec7944023d1b6ad2be_Classifying social determinants of health from unstructured electronic health records using deep learning-based natural language processing.pdf
2025-12-11 19:10:29,371 - modules.download_pdf - WARNING - No PDF URL available for paper: Adversarial Attacks on Deep-learning Models in Natural Language Processing
2025-12-11 19:10:29,373 - modules.download_pdf - WARNING - No PDF URL available for paper: An introduction to Deep Learning in Natural Language Processing: Models, techniques, and tools
2025-12-11 19:10:29,375 - modules.download_pdf - INFO - Batch download complete. Success: 3, Failed: 7
2025-12-11 19:10:29,382 - modules.download_pdf - INFO - Metadata saved successfully to: data/metadata\selected_papers.json
2025-12-17 19:09:40,835 - modules.search_papers - INFO - Starting paper search for topic: 'deep learning natural language processing' (limit=10)
2025-12-17 19:09:40,836 - modules.search_papers - INFO - Attempting API request (attempt 1/3)
2025-12-17 19:09:42,839 - httpx - INFO - HTTP Request: GET https://api.semanticscholar.org/graph/v1/paper/search?query=deep+learning+natural+language+processing&fields=title%2Cabstract%2Cyear%2Cauthors%2CcitationCount%2CpaperId%2Curl%2CopenAccessPdf%2CpublicationDate%2Cvenue%2CpublicationTypes%2CexternalIds%2CinfluentialCitationCount&offset=0&limit=20 "HTTP/1.1 200 OK"
2025-12-17 19:09:45,124 - httpx - INFO - HTTP Request: GET https://api.semanticscholar.org/graph/v1/paper/search?query=deep+learning+natural+language+processing&fields=title%2Cabstract%2Cyear%2Cauthors%2CcitationCount%2CpaperId%2Curl%2CopenAccessPdf%2CpublicationDate%2Cvenue%2CpublicationTypes%2CexternalIds%2CinfluentialCitationCount&offset=20&limit=20 "HTTP/1.1 200 OK"
2025-12-17 19:09:45,351 - modules.search_papers - INFO - Successfully retrieved 10 papers
2025-12-17 19:09:45,358 - modules.search_papers - INFO - Metadata saved successfully to data/metadata/paper_metadata.json
2025-12-17 19:09:45,359 - modules.download_pdf - INFO - Starting batch download of 10 papers
2025-12-17 19:09:45,379 - modules.download_pdf - INFO - PDF validation successful: data/pdfs\7f5d5e032011ec4f3f6b2a414ba5a5c0a8b696f6_Security Vulnerability Detection Using Deep Learning Natural Language Processing.pdf
2025-12-17 19:09:45,379 - modules.download_pdf - INFO - PDF already exists: data/pdfs\7f5d5e032011ec4f3f6b2a414ba5a5c0a8b696f6_Security Vulnerability Detection Using Deep Learning Natural Language Processing.pdf
2025-12-17 19:09:45,380 - modules.download_pdf - INFO - Downloading PDF (attempt 1/3): https://doi.org/10.1109/tnnls.2020.2979670
2025-12-17 19:09:48,826 - modules.download_pdf - WARNING - Download attempt 1 failed: 418 Client Error: Unknown Code for url: https://ieeexplore.ieee.org/document/9075398/
2025-12-17 19:09:48,826 - modules.download_pdf - INFO - Waiting 2 seconds before retry...
2025-12-17 19:09:50,827 - modules.download_pdf - INFO - Downloading PDF (attempt 2/3): https://doi.org/10.1109/tnnls.2020.2979670
2025-12-17 19:09:51,398 - modules.download_pdf - WARNING - Download attempt 2 failed: 418 Client Error: Unknown Code for url: https://ieeexplore.ieee.org/document/9075398/
2025-12-17 19:09:51,398 - modules.download_pdf - INFO - Waiting 4 seconds before retry...
2025-12-17 19:09:55,399 - modules.download_pdf - INFO - Downloading PDF (attempt 3/3): https://doi.org/10.1109/tnnls.2020.2979670
2025-12-17 19:09:55,772 - modules.download_pdf - WARNING - Download attempt 3 failed: 418 Client Error: Unknown Code for url: https://ieeexplore.ieee.org/document/9075398/
2025-12-17 19:09:55,772 - modules.download_pdf - ERROR - All download attempts failed for: https://doi.org/10.1109/tnnls.2020.2979670
2025-12-17 19:09:55,774 - modules.download_pdf - INFO - Downloading PDF (attempt 1/3): https://doi.org/10.1016/j.nlp.2023.100026
2025-12-17 19:09:57,763 - modules.download_pdf - WARNING - File does not have PDF header: data/pdfs\2baa3d2699e680bd6b16bce603f1df6827ff98d8_Exploring the frontiers of deep learning and natural language processing_ A comprehensive overview of key challenges and emerging trends.pdf
2025-12-17 19:09:57,763 - modules.download_pdf - WARNING - Downloaded file is not a valid PDF: data/pdfs\2baa3d2699e680bd6b16bce603f1df6827ff98d8_Exploring the frontiers of deep learning and natural language processing_ A comprehensive overview of key challenges and emerging trends.pdf
2025-12-17 19:09:57,765 - modules.download_pdf - INFO - Downloading PDF (attempt 2/3): https://doi.org/10.1016/j.nlp.2023.100026
2025-12-17 19:09:58,844 - modules.download_pdf - WARNING - File does not have PDF header: data/pdfs\2baa3d2699e680bd6b16bce603f1df6827ff98d8_Exploring the frontiers of deep learning and natural language processing_ A comprehensive overview of key challenges and emerging trends.pdf
2025-12-17 19:09:58,845 - modules.download_pdf - WARNING - Downloaded file is not a valid PDF: data/pdfs\2baa3d2699e680bd6b16bce603f1df6827ff98d8_Exploring the frontiers of deep learning and natural language processing_ A comprehensive overview of key challenges and emerging trends.pdf
2025-12-17 19:09:58,846 - modules.download_pdf - INFO - Downloading PDF (attempt 3/3): https://doi.org/10.1016/j.nlp.2023.100026
2025-12-17 19:09:59,905 - modules.download_pdf - WARNING - File does not have PDF header: data/pdfs\2baa3d2699e680bd6b16bce603f1df6827ff98d8_Exploring the frontiers of deep learning and natural language processing_ A comprehensive overview of key challenges and emerging trends.pdf
2025-12-17 19:09:59,906 - modules.download_pdf - WARNING - Downloaded file is not a valid PDF: data/pdfs\2baa3d2699e680bd6b16bce603f1df6827ff98d8_Exploring the frontiers of deep learning and natural language processing_ A comprehensive overview of key challenges and emerging trends.pdf
2025-12-17 19:10:00,214 - modules.download_pdf - INFO - PDF validation successful: data/pdfs\5263141f4c7c3b7b6e6abdb1c88f190005f9c755_A Comprehensive Survey of Deep Learning Techniques Natural Language Processing.pdf
2025-12-17 19:10:00,215 - modules.download_pdf - INFO - PDF already exists: data/pdfs\5263141f4c7c3b7b6e6abdb1c88f190005f9c755_A Comprehensive Survey of Deep Learning Techniques Natural Language Processing.pdf
2025-12-17 19:10:00,215 - modules.download_pdf - WARNING - No PDF URL available for paper: Depression Detection from Social Media Text Analysis using Natural Language Processing Techniques and Hybrid Deep Learning Model
2025-12-17 19:10:00,237 - modules.download_pdf - INFO - PDF validation successful: data/pdfs\6b251abe70615f4c3a34a67cfa776a914367ad6e_How to keep text private_ A systematic review of deep learning methods for privacy-preserving natural language processing.pdf
2025-12-17 19:10:00,237 - modules.download_pdf - INFO - PDF already exists: data/pdfs\6b251abe70615f4c3a34a67cfa776a914367ad6e_How to keep text private_ A systematic review of deep learning methods for privacy-preserving natural language processing.pdf
2025-12-17 19:10:00,238 - modules.download_pdf - WARNING - No PDF URL available for paper: Natural Language Processing Advancements By Deep Learning: A Survey
2025-12-17 19:10:00,239 - modules.download_pdf - INFO - Downloading PDF (attempt 1/3): https://doi.org/10.1016/j.jbi.2021.103984
2025-12-17 19:10:01,457 - modules.download_pdf - WARNING - File does not have PDF header: data/pdfs\a346971a2e65e1e2f9f749ec7944023d1b6ad2be_Classifying social determinants of health from unstructured electronic health records using deep learning-based natural language processing.pdf
2025-12-17 19:10:01,458 - modules.download_pdf - WARNING - Downloaded file is not a valid PDF: data/pdfs\a346971a2e65e1e2f9f749ec7944023d1b6ad2be_Classifying social determinants of health from unstructured electronic health records using deep learning-based natural language processing.pdf
2025-12-17 19:10:01,459 - modules.download_pdf - INFO - Downloading PDF (attempt 2/3): https://doi.org/10.1016/j.jbi.2021.103984
2025-12-17 19:10:02,493 - modules.download_pdf - WARNING - File does not have PDF header: data/pdfs\a346971a2e65e1e2f9f749ec7944023d1b6ad2be_Classifying social determinants of health from unstructured electronic health records using deep learning-based natural language processing.pdf
2025-12-17 19:10:02,493 - modules.download_pdf - WARNING - Downloaded file is not a valid PDF: data/pdfs\a346971a2e65e1e2f9f749ec7944023d1b6ad2be_Classifying social determinants of health from unstructured electronic health records using deep learning-based natural language processing.pdf
2025-12-17 19:10:02,494 - modules.download_pdf - INFO - Downloading PDF (attempt 3/3): https://doi.org/10.1016/j.jbi.2021.103984
2025-12-17 19:10:03,670 - modules.download_pdf - WARNING - File does not have PDF header: data/pdfs\a346971a2e65e1e2f9f749ec7944023d1b6ad2be_Classifying social determinants of health from unstructured electronic health records using deep learning-based natural language processing.pdf
2025-12-17 19:10:03,671 - modules.download_pdf - WARNING - Downloaded file is not a valid PDF: data/pdfs\a346971a2e65e1e2f9f749ec7944023d1b6ad2be_Classifying social determinants of health from unstructured electronic health records using deep learning-based natural language processing.pdf
2025-12-17 19:10:03,673 - modules.download_pdf - WARNING - No PDF URL available for paper: Adversarial Attacks on Deep-learning Models in Natural Language Processing
2025-12-17 19:10:03,674 - modules.download_pdf - WARNING - No PDF URL available for paper: An introduction to Deep Learning in Natural Language Processing: Models, techniques, and tools
2025-12-17 19:10:03,674 - modules.download_pdf - INFO - Batch download complete. Success: 3, Failed: 7
2025-12-17 19:10:04,193 - modules.extract_text - INFO - Starting text extraction for 3 papers
2025-12-17 19:10:04,193 - modules.extract_text - WARNING - Extraction with pymupdf4llm failed for data/pdfs\7f5d5e032011ec4f3f6b2a414ba5a5c0a8b696f6_Security Vulnerability Detection Using Deep Learning Natural Language Processing.pdf: Function 'to_text' is only available in PyMuPDF-Layout mode
2025-12-17 19:10:04,288 - modules.extract_text - WARNING - Extraction with pymupdf4llm failed for data/pdfs\5263141f4c7c3b7b6e6abdb1c88f190005f9c755_A Comprehensive Survey of Deep Learning Techniques Natural Language Processing.pdf: Function 'to_text' is only available in PyMuPDF-Layout mode
2025-12-17 19:10:04,344 - modules.extract_text - WARNING - Extraction with pymupdf4llm failed for data/pdfs\6b251abe70615f4c3a34a67cfa776a914367ad6e_How to keep text private_ A systematic review of deep learning methods for privacy-preserving natural language processing.pdf: Function 'to_text' is only available in PyMuPDF-Layout mode
2025-12-17 19:10:04,723 - modules.extract_text - INFO - Extraction complete. Success: 3 / 3
2025-12-17 19:10:04,725 - modules.download_pdf - INFO - Metadata saved successfully to: data/metadata\selected_papers.json
2025-12-17 19:12:48,296 - modules.search_papers - INFO - Starting paper search for topic: 'deep learning natural language processing' (limit=10)
2025-12-17 19:12:48,297 - modules.search_papers - INFO - Attempting API request (attempt 1/3)
2025-12-17 19:12:50,934 - httpx - INFO - HTTP Request: GET https://api.semanticscholar.org/graph/v1/paper/search?query=deep+learning+natural+language+processing&fields=title%2Cabstract%2Cyear%2Cauthors%2CcitationCount%2CpaperId%2Curl%2CopenAccessPdf%2CpublicationDate%2Cvenue%2CpublicationTypes%2CexternalIds%2CinfluentialCitationCount&offset=0&limit=20 "HTTP/1.1 200 OK"
2025-12-17 19:12:52,909 - httpx - INFO - HTTP Request: GET https://api.semanticscholar.org/graph/v1/paper/search?query=deep+learning+natural+language+processing&fields=title%2Cabstract%2Cyear%2Cauthors%2CcitationCount%2CpaperId%2Curl%2CopenAccessPdf%2CpublicationDate%2Cvenue%2CpublicationTypes%2CexternalIds%2CinfluentialCitationCount&offset=20&limit=20 "HTTP/1.1 200 OK"
2025-12-17 19:12:52,932 - modules.search_papers - INFO - Successfully retrieved 10 papers
2025-12-17 19:12:52,941 - modules.search_papers - INFO - Metadata saved successfully to data/metadata/paper_metadata.json
2025-12-17 19:12:52,942 - modules.download_pdf - INFO - Starting batch download of 10 papers
2025-12-17 19:12:52,944 - modules.download_pdf - INFO - PDF validation successful: data/pdfs\7f5d5e032011ec4f3f6b2a414ba5a5c0a8b696f6_Security Vulnerability Detection Using Deep Learning Natural Language Processing.pdf
2025-12-17 19:12:52,945 - modules.download_pdf - INFO - PDF already exists: data/pdfs\7f5d5e032011ec4f3f6b2a414ba5a5c0a8b696f6_Security Vulnerability Detection Using Deep Learning Natural Language Processing.pdf
2025-12-17 19:12:52,947 - modules.download_pdf - INFO - Downloading PDF (attempt 1/3): https://doi.org/10.1109/tnnls.2020.2979670
2025-12-17 19:12:53,790 - modules.download_pdf - WARNING - Download attempt 1 failed: 418 Client Error: Unknown Code for url: https://ieeexplore.ieee.org/document/9075398/
2025-12-17 19:12:53,790 - modules.download_pdf - INFO - Waiting 2 seconds before retry...
2025-12-17 19:12:55,791 - modules.download_pdf - INFO - Downloading PDF (attempt 2/3): https://doi.org/10.1109/tnnls.2020.2979670
2025-12-17 19:12:56,584 - modules.download_pdf - WARNING - Download attempt 2 failed: 418 Client Error: Unknown Code for url: https://ieeexplore.ieee.org/document/9075398/
2025-12-17 19:12:56,585 - modules.download_pdf - INFO - Waiting 4 seconds before retry...
2025-12-17 19:13:00,586 - modules.download_pdf - INFO - Downloading PDF (attempt 3/3): https://doi.org/10.1109/tnnls.2020.2979670
2025-12-17 19:13:00,952 - modules.download_pdf - WARNING - Download attempt 3 failed: 418 Client Error: Unknown Code for url: https://ieeexplore.ieee.org/document/9075398/
2025-12-17 19:13:00,953 - modules.download_pdf - ERROR - All download attempts failed for: https://doi.org/10.1109/tnnls.2020.2979670
2025-12-17 19:13:00,954 - modules.download_pdf - INFO - Downloading PDF (attempt 1/3): https://doi.org/10.1016/j.nlp.2023.100026
2025-12-17 19:13:03,420 - modules.download_pdf - WARNING - File does not have PDF header: data/pdfs\2baa3d2699e680bd6b16bce603f1df6827ff98d8_Exploring the frontiers of deep learning and natural language processing_ A comprehensive overview of key challenges and emerging trends.pdf
2025-12-17 19:13:03,421 - modules.download_pdf - WARNING - Downloaded file is not a valid PDF: data/pdfs\2baa3d2699e680bd6b16bce603f1df6827ff98d8_Exploring the frontiers of deep learning and natural language processing_ A comprehensive overview of key challenges and emerging trends.pdf
2025-12-17 19:13:03,422 - modules.download_pdf - INFO - Downloading PDF (attempt 2/3): https://doi.org/10.1016/j.nlp.2023.100026
2025-12-17 19:13:04,483 - modules.download_pdf - WARNING - File does not have PDF header: data/pdfs\2baa3d2699e680bd6b16bce603f1df6827ff98d8_Exploring the frontiers of deep learning and natural language processing_ A comprehensive overview of key challenges and emerging trends.pdf
2025-12-17 19:13:04,483 - modules.download_pdf - WARNING - Downloaded file is not a valid PDF: data/pdfs\2baa3d2699e680bd6b16bce603f1df6827ff98d8_Exploring the frontiers of deep learning and natural language processing_ A comprehensive overview of key challenges and emerging trends.pdf
2025-12-17 19:13:04,484 - modules.download_pdf - INFO - Downloading PDF (attempt 3/3): https://doi.org/10.1016/j.nlp.2023.100026
2025-12-17 19:13:05,518 - modules.download_pdf - WARNING - File does not have PDF header: data/pdfs\2baa3d2699e680bd6b16bce603f1df6827ff98d8_Exploring the frontiers of deep learning and natural language processing_ A comprehensive overview of key challenges and emerging trends.pdf
2025-12-17 19:13:05,518 - modules.download_pdf - WARNING - Downloaded file is not a valid PDF: data/pdfs\2baa3d2699e680bd6b16bce603f1df6827ff98d8_Exploring the frontiers of deep learning and natural language processing_ A comprehensive overview of key challenges and emerging trends.pdf
2025-12-17 19:13:05,533 - modules.download_pdf - INFO - PDF validation successful: data/pdfs\5263141f4c7c3b7b6e6abdb1c88f190005f9c755_A Comprehensive Survey of Deep Learning Techniques Natural Language Processing.pdf
2025-12-17 19:13:05,533 - modules.download_pdf - INFO - PDF already exists: data/pdfs\5263141f4c7c3b7b6e6abdb1c88f190005f9c755_A Comprehensive Survey of Deep Learning Techniques Natural Language Processing.pdf
2025-12-17 19:13:05,534 - modules.download_pdf - WARNING - No PDF URL available for paper: Depression Detection from Social Media Text Analysis using Natural Language Processing Techniques and Hybrid Deep Learning Model
2025-12-17 19:13:05,569 - modules.download_pdf - INFO - PDF validation successful: data/pdfs\6b251abe70615f4c3a34a67cfa776a914367ad6e_How to keep text private_ A systematic review of deep learning methods for privacy-preserving natural language processing.pdf
2025-12-17 19:13:05,569 - modules.download_pdf - INFO - PDF already exists: data/pdfs\6b251abe70615f4c3a34a67cfa776a914367ad6e_How to keep text private_ A systematic review of deep learning methods for privacy-preserving natural language processing.pdf
2025-12-17 19:13:05,570 - modules.download_pdf - WARNING - No PDF URL available for paper: Natural Language Processing Advancements By Deep Learning: A Survey
2025-12-17 19:13:05,571 - modules.download_pdf - INFO - Downloading PDF (attempt 1/3): https://doi.org/10.1016/j.jbi.2021.103984
2025-12-17 19:13:06,551 - modules.download_pdf - WARNING - File does not have PDF header: data/pdfs\a346971a2e65e1e2f9f749ec7944023d1b6ad2be_Classifying social determinants of health from unstructured electronic health records using deep learning-based natural language processing.pdf
2025-12-17 19:13:06,552 - modules.download_pdf - WARNING - Downloaded file is not a valid PDF: data/pdfs\a346971a2e65e1e2f9f749ec7944023d1b6ad2be_Classifying social determinants of health from unstructured electronic health records using deep learning-based natural language processing.pdf
2025-12-17 19:13:06,553 - modules.download_pdf - INFO - Downloading PDF (attempt 2/3): https://doi.org/10.1016/j.jbi.2021.103984
2025-12-17 19:13:07,552 - modules.download_pdf - WARNING - File does not have PDF header: data/pdfs\a346971a2e65e1e2f9f749ec7944023d1b6ad2be_Classifying social determinants of health from unstructured electronic health records using deep learning-based natural language processing.pdf
2025-12-17 19:13:07,553 - modules.download_pdf - WARNING - Downloaded file is not a valid PDF: data/pdfs\a346971a2e65e1e2f9f749ec7944023d1b6ad2be_Classifying social determinants of health from unstructured electronic health records using deep learning-based natural language processing.pdf
2025-12-17 19:13:07,555 - modules.download_pdf - INFO - Downloading PDF (attempt 3/3): https://doi.org/10.1016/j.jbi.2021.103984
2025-12-17 19:13:08,597 - modules.download_pdf - WARNING - File does not have PDF header: data/pdfs\a346971a2e65e1e2f9f749ec7944023d1b6ad2be_Classifying social determinants of health from unstructured electronic health records using deep learning-based natural language processing.pdf
2025-12-17 19:13:08,598 - modules.download_pdf - WARNING - Downloaded file is not a valid PDF: data/pdfs\a346971a2e65e1e2f9f749ec7944023d1b6ad2be_Classifying social determinants of health from unstructured electronic health records using deep learning-based natural language processing.pdf
2025-12-17 19:13:08,600 - modules.download_pdf - WARNING - No PDF URL available for paper: Adversarial Attacks on Deep-learning Models in Natural Language Processing
2025-12-17 19:13:08,600 - modules.download_pdf - WARNING - No PDF URL available for paper: An introduction to Deep Learning in Natural Language Processing: Models, techniques, and tools
2025-12-17 19:13:08,601 - modules.download_pdf - INFO - Batch download complete. Success: 3, Failed: 7
2025-12-17 19:13:08,890 - modules.extract_text - INFO - Starting text extraction for 3 papers
2025-12-17 19:13:08,891 - modules.extract_text - WARNING - Extraction with pymupdf4llm failed for data/pdfs\7f5d5e032011ec4f3f6b2a414ba5a5c0a8b696f6_Security Vulnerability Detection Using Deep Learning Natural Language Processing.pdf: Function 'to_text' is only available in PyMuPDF-Layout mode
2025-12-17 19:13:08,987 - modules.extract_text - WARNING - Extraction with pymupdf4llm failed for data/pdfs\5263141f4c7c3b7b6e6abdb1c88f190005f9c755_A Comprehensive Survey of Deep Learning Techniques Natural Language Processing.pdf: Function 'to_text' is only available in PyMuPDF-Layout mode
2025-12-17 19:13:09,046 - modules.extract_text - WARNING - Extraction with pymupdf4llm failed for data/pdfs\6b251abe70615f4c3a34a67cfa776a914367ad6e_How to keep text private_ A systematic review of deep learning methods for privacy-preserving natural language processing.pdf: Function 'to_text' is only available in PyMuPDF-Layout mode
2025-12-17 19:13:09,448 - modules.extract_text - INFO - Extraction complete. Success: 3 / 3
2025-12-17 19:13:09,450 - modules.download_pdf - INFO - Metadata saved successfully to: data/metadata\selected_papers.json
2025-12-17 19:13:09,479 - modules.analyze_text - INFO - Starting analysis for 3 papers
2025-12-17 19:13:09,600 - modules.analyze_text - INFO - Analysis complete. Success: 3 / 3
2025-12-17 19:13:09,602 - modules.analyze_text - INFO - Analysis written to data/metadata/analyzed_papers.json
2025-12-17 19:25:57,932 - modules.search_papers - INFO - Starting paper search for topic: 'deep learning natural language processing' (limit=10)
2025-12-17 19:25:57,933 - modules.search_papers - INFO - Attempting API request (attempt 1/3)
2025-12-17 19:26:02,404 - httpx - INFO - HTTP Request: GET https://api.semanticscholar.org/graph/v1/paper/search?query=deep+learning+natural+language+processing&fields=title%2Cabstract%2Cyear%2Cauthors%2CcitationCount%2CpaperId%2Curl%2CopenAccessPdf%2CpublicationDate%2Cvenue%2CpublicationTypes%2CexternalIds%2CinfluentialCitationCount&offset=0&limit=20 "HTTP/1.1 200 OK"
2025-12-17 19:26:04,547 - httpx - INFO - HTTP Request: GET https://api.semanticscholar.org/graph/v1/paper/search?query=deep+learning+natural+language+processing&fields=title%2Cabstract%2Cyear%2Cauthors%2CcitationCount%2CpaperId%2Curl%2CopenAccessPdf%2CpublicationDate%2Cvenue%2CpublicationTypes%2CexternalIds%2CinfluentialCitationCount&offset=20&limit=20 "HTTP/1.1 200 OK"
2025-12-17 19:26:04,733 - modules.search_papers - INFO - Successfully retrieved 10 papers
2025-12-17 19:26:04,742 - modules.search_papers - INFO - Metadata saved successfully to data/metadata/paper_metadata.json
2025-12-17 19:26:04,743 - modules.download_pdf - INFO - Starting batch download of 10 papers
2025-12-17 19:26:04,746 - modules.download_pdf - INFO - PDF validation successful: data/pdfs\7f5d5e032011ec4f3f6b2a414ba5a5c0a8b696f6_Security Vulnerability Detection Using Deep Learning Natural Language Processing.pdf
2025-12-17 19:26:04,746 - modules.download_pdf - INFO - PDF already exists: data/pdfs\7f5d5e032011ec4f3f6b2a414ba5a5c0a8b696f6_Security Vulnerability Detection Using Deep Learning Natural Language Processing.pdf
2025-12-17 19:26:04,747 - modules.download_pdf - INFO - Downloading PDF (attempt 1/3): https://doi.org/10.1109/tnnls.2020.2979670
2025-12-17 19:26:05,198 - modules.download_pdf - WARNING - Download attempt 1 failed: 418 Client Error: Unknown Code for url: https://ieeexplore.ieee.org/document/9075398/
2025-12-17 19:26:05,198 - modules.download_pdf - INFO - Waiting 2 seconds before retry...
2025-12-17 19:26:07,199 - modules.download_pdf - INFO - Downloading PDF (attempt 2/3): https://doi.org/10.1109/tnnls.2020.2979670
2025-12-17 19:26:07,558 - modules.download_pdf - WARNING - Download attempt 2 failed: 418 Client Error: Unknown Code for url: https://ieeexplore.ieee.org/document/9075398/
2025-12-17 19:26:07,559 - modules.download_pdf - INFO - Waiting 4 seconds before retry...
2025-12-17 19:26:11,560 - modules.download_pdf - INFO - Downloading PDF (attempt 3/3): https://doi.org/10.1109/tnnls.2020.2979670
2025-12-17 19:26:11,916 - modules.download_pdf - WARNING - Download attempt 3 failed: 418 Client Error: Unknown Code for url: https://ieeexplore.ieee.org/document/9075398/
2025-12-17 19:26:11,916 - modules.download_pdf - ERROR - All download attempts failed for: https://doi.org/10.1109/tnnls.2020.2979670
2025-12-17 19:26:11,919 - modules.download_pdf - INFO - Downloading PDF (attempt 1/3): https://doi.org/10.1016/j.nlp.2023.100026
2025-12-17 19:26:13,231 - modules.download_pdf - WARNING - File does not have PDF header: data/pdfs\2baa3d2699e680bd6b16bce603f1df6827ff98d8_Exploring the frontiers of deep learning and natural language processing_ A comprehensive overview of key challenges and emerging trends.pdf
2025-12-17 19:26:13,231 - modules.download_pdf - WARNING - Downloaded file is not a valid PDF: data/pdfs\2baa3d2699e680bd6b16bce603f1df6827ff98d8_Exploring the frontiers of deep learning and natural language processing_ A comprehensive overview of key challenges and emerging trends.pdf
2025-12-17 19:26:13,232 - modules.download_pdf - INFO - Downloading PDF (attempt 2/3): https://doi.org/10.1016/j.nlp.2023.100026
2025-12-17 19:26:14,509 - modules.download_pdf - WARNING - File does not have PDF header: data/pdfs\2baa3d2699e680bd6b16bce603f1df6827ff98d8_Exploring the frontiers of deep learning and natural language processing_ A comprehensive overview of key challenges and emerging trends.pdf
2025-12-17 19:26:14,509 - modules.download_pdf - WARNING - Downloaded file is not a valid PDF: data/pdfs\2baa3d2699e680bd6b16bce603f1df6827ff98d8_Exploring the frontiers of deep learning and natural language processing_ A comprehensive overview of key challenges and emerging trends.pdf
2025-12-17 19:26:14,510 - modules.download_pdf - INFO - Downloading PDF (attempt 3/3): https://doi.org/10.1016/j.nlp.2023.100026
2025-12-17 19:26:15,583 - modules.download_pdf - WARNING - File does not have PDF header: data/pdfs\2baa3d2699e680bd6b16bce603f1df6827ff98d8_Exploring the frontiers of deep learning and natural language processing_ A comprehensive overview of key challenges and emerging trends.pdf
2025-12-17 19:26:15,584 - modules.download_pdf - WARNING - Downloaded file is not a valid PDF: data/pdfs\2baa3d2699e680bd6b16bce603f1df6827ff98d8_Exploring the frontiers of deep learning and natural language processing_ A comprehensive overview of key challenges and emerging trends.pdf
2025-12-17 19:26:15,589 - modules.download_pdf - INFO - PDF validation successful: data/pdfs\5263141f4c7c3b7b6e6abdb1c88f190005f9c755_A Comprehensive Survey of Deep Learning Techniques Natural Language Processing.pdf
2025-12-17 19:26:15,589 - modules.download_pdf - INFO - PDF already exists: data/pdfs\5263141f4c7c3b7b6e6abdb1c88f190005f9c755_A Comprehensive Survey of Deep Learning Techniques Natural Language Processing.pdf
2025-12-17 19:26:15,589 - modules.download_pdf - WARNING - No PDF URL available for paper: Depression Detection from Social Media Text Analysis using Natural Language Processing Techniques and Hybrid Deep Learning Model
2025-12-17 19:26:15,592 - modules.download_pdf - INFO - PDF validation successful: data/pdfs\6b251abe70615f4c3a34a67cfa776a914367ad6e_How to keep text private_ A systematic review of deep learning methods for privacy-preserving natural language processing.pdf
2025-12-17 19:26:15,592 - modules.download_pdf - INFO - PDF already exists: data/pdfs\6b251abe70615f4c3a34a67cfa776a914367ad6e_How to keep text private_ A systematic review of deep learning methods for privacy-preserving natural language processing.pdf
2025-12-17 19:26:15,592 - modules.download_pdf - WARNING - No PDF URL available for paper: Natural Language Processing Advancements By Deep Learning: A Survey
2025-12-17 19:26:15,593 - modules.download_pdf - INFO - Downloading PDF (attempt 1/3): https://doi.org/10.1016/j.jbi.2021.103984
2025-12-17 19:26:16,798 - modules.download_pdf - WARNING - File does not have PDF header: data/pdfs\a346971a2e65e1e2f9f749ec7944023d1b6ad2be_Classifying social determinants of health from unstructured electronic health records using deep learning-based natural language processing.pdf
2025-12-17 19:26:16,798 - modules.download_pdf - WARNING - Downloaded file is not a valid PDF: data/pdfs\a346971a2e65e1e2f9f749ec7944023d1b6ad2be_Classifying social determinants of health from unstructured electronic health records using deep learning-based natural language processing.pdf
2025-12-17 19:26:16,799 - modules.download_pdf - INFO - Downloading PDF (attempt 2/3): https://doi.org/10.1016/j.jbi.2021.103984
2025-12-17 19:26:17,967 - modules.download_pdf - WARNING - File does not have PDF header: data/pdfs\a346971a2e65e1e2f9f749ec7944023d1b6ad2be_Classifying social determinants of health from unstructured electronic health records using deep learning-based natural language processing.pdf
2025-12-17 19:26:17,968 - modules.download_pdf - WARNING - Downloaded file is not a valid PDF: data/pdfs\a346971a2e65e1e2f9f749ec7944023d1b6ad2be_Classifying social determinants of health from unstructured electronic health records using deep learning-based natural language processing.pdf
2025-12-17 19:26:17,969 - modules.download_pdf - INFO - Downloading PDF (attempt 3/3): https://doi.org/10.1016/j.jbi.2021.103984
2025-12-17 19:26:19,064 - modules.download_pdf - WARNING - File does not have PDF header: data/pdfs\a346971a2e65e1e2f9f749ec7944023d1b6ad2be_Classifying social determinants of health from unstructured electronic health records using deep learning-based natural language processing.pdf
2025-12-17 19:26:19,064 - modules.download_pdf - WARNING - Downloaded file is not a valid PDF: data/pdfs\a346971a2e65e1e2f9f749ec7944023d1b6ad2be_Classifying social determinants of health from unstructured electronic health records using deep learning-based natural language processing.pdf
2025-12-17 19:26:19,066 - modules.download_pdf - WARNING - No PDF URL available for paper: Adversarial Attacks on Deep-learning Models in Natural Language Processing
2025-12-17 19:26:19,066 - modules.download_pdf - WARNING - No PDF URL available for paper: An introduction to Deep Learning in Natural Language Processing: Models, techniques, and tools
2025-12-17 19:26:19,067 - modules.download_pdf - INFO - Batch download complete. Success: 3, Failed: 7
2025-12-17 19:26:19,369 - modules.extract_text - INFO - Starting text extraction for 3 papers
2025-12-17 19:26:19,370 - modules.extract_text - WARNING - Extraction with pymupdf4llm failed for data/pdfs\7f5d5e032011ec4f3f6b2a414ba5a5c0a8b696f6_Security Vulnerability Detection Using Deep Learning Natural Language Processing.pdf: Function 'to_text' is only available in PyMuPDF-Layout mode
2025-12-17 19:26:19,464 - modules.extract_text - WARNING - Extraction with pymupdf4llm failed for data/pdfs\5263141f4c7c3b7b6e6abdb1c88f190005f9c755_A Comprehensive Survey of Deep Learning Techniques Natural Language Processing.pdf: Function 'to_text' is only available in PyMuPDF-Layout mode
2025-12-17 19:26:19,526 - modules.extract_text - WARNING - Extraction with pymupdf4llm failed for data/pdfs\6b251abe70615f4c3a34a67cfa776a914367ad6e_How to keep text private_ A systematic review of deep learning methods for privacy-preserving natural language processing.pdf: Function 'to_text' is only available in PyMuPDF-Layout mode
2025-12-17 19:26:19,918 - modules.extract_text - INFO - Extraction complete. Success: 3 / 3
2025-12-17 19:26:19,920 - modules.download_pdf - INFO - Metadata saved successfully to: data/metadata\selected_papers.json
2025-12-17 19:26:19,958 - modules.analyze_text - INFO - Starting analysis for 3 papers
2025-12-17 19:26:20,193 - modules.analyze_text - INFO - Analysis complete. Success: 3 / 3
2025-12-17 19:26:20,196 - modules.analyze_text - INFO - Analysis written to data/metadata/analyzed_papers.json
2025-12-17 19:26:20,221 - modules.generate_draft - INFO - Drafts written to data/metadata/drafts.json
2025-12-17 19:26:20,245 - modules.critique_draft - INFO - Critiques written to data/metadata/critiques.json
2025-12-17 19:27:27,573 - modules.search_papers - INFO - Starting paper search for topic: 'deep learning natural language processing' (limit=10)
2025-12-17 19:27:27,574 - modules.search_papers - INFO - Attempting API request (attempt 1/3)
2025-12-17 19:27:29,484 - httpx - INFO - HTTP Request: GET https://api.semanticscholar.org/graph/v1/paper/search?query=deep+learning+natural+language+processing&fields=title%2Cabstract%2Cyear%2Cauthors%2CcitationCount%2CpaperId%2Curl%2CopenAccessPdf%2CpublicationDate%2Cvenue%2CpublicationTypes%2CexternalIds%2CinfluentialCitationCount&offset=0&limit=20 "HTTP/1.1 200 OK"
2025-12-17 19:27:32,119 - httpx - INFO - HTTP Request: GET https://api.semanticscholar.org/graph/v1/paper/search?query=deep+learning+natural+language+processing&fields=title%2Cabstract%2Cyear%2Cauthors%2CcitationCount%2CpaperId%2Curl%2CopenAccessPdf%2CpublicationDate%2Cvenue%2CpublicationTypes%2CexternalIds%2CinfluentialCitationCount&offset=20&limit=20 "HTTP/1.1 200 OK"
2025-12-17 19:27:32,309 - modules.search_papers - INFO - Successfully retrieved 10 papers
2025-12-17 19:27:32,318 - modules.search_papers - INFO - Metadata saved successfully to data/metadata/paper_metadata.json
2025-12-17 19:27:32,319 - modules.download_pdf - INFO - Starting batch download of 10 papers
2025-12-17 19:27:32,321 - modules.download_pdf - INFO - PDF validation successful: data/pdfs\7f5d5e032011ec4f3f6b2a414ba5a5c0a8b696f6_Security Vulnerability Detection Using Deep Learning Natural Language Processing.pdf
2025-12-17 19:27:32,321 - modules.download_pdf - INFO - PDF already exists: data/pdfs\7f5d5e032011ec4f3f6b2a414ba5a5c0a8b696f6_Security Vulnerability Detection Using Deep Learning Natural Language Processing.pdf
2025-12-17 19:27:32,322 - modules.download_pdf - INFO - Downloading PDF (attempt 1/3): https://doi.org/10.1109/tnnls.2020.2979670
2025-12-17 19:27:32,892 - modules.download_pdf - WARNING - Download attempt 1 failed: 418 Client Error: Unknown Code for url: https://ieeexplore.ieee.org/document/9075398/
2025-12-17 19:27:32,892 - modules.download_pdf - INFO - Waiting 2 seconds before retry...
2025-12-17 19:27:34,893 - modules.download_pdf - INFO - Downloading PDF (attempt 2/3): https://doi.org/10.1109/tnnls.2020.2979670
2025-12-17 19:27:35,292 - modules.download_pdf - WARNING - Download attempt 2 failed: 418 Client Error: Unknown Code for url: https://ieeexplore.ieee.org/document/9075398/
2025-12-17 19:27:35,293 - modules.download_pdf - INFO - Waiting 4 seconds before retry...
2025-12-17 19:27:39,293 - modules.download_pdf - INFO - Downloading PDF (attempt 3/3): https://doi.org/10.1109/tnnls.2020.2979670
2025-12-17 19:27:40,019 - modules.download_pdf - WARNING - Download attempt 3 failed: 418 Client Error: Unknown Code for url: https://ieeexplore.ieee.org/document/9075398/
2025-12-17 19:27:40,020 - modules.download_pdf - ERROR - All download attempts failed for: https://doi.org/10.1109/tnnls.2020.2979670
2025-12-17 19:27:40,022 - modules.download_pdf - INFO - Downloading PDF (attempt 1/3): https://doi.org/10.1016/j.nlp.2023.100026
2025-12-17 19:27:41,064 - modules.download_pdf - WARNING - File does not have PDF header: data/pdfs\2baa3d2699e680bd6b16bce603f1df6827ff98d8_Exploring the frontiers of deep learning and natural language processing_ A comprehensive overview of key challenges and emerging trends.pdf
2025-12-17 19:27:41,064 - modules.download_pdf - WARNING - Downloaded file is not a valid PDF: data/pdfs\2baa3d2699e680bd6b16bce603f1df6827ff98d8_Exploring the frontiers of deep learning and natural language processing_ A comprehensive overview of key challenges and emerging trends.pdf
2025-12-17 19:27:41,065 - modules.download_pdf - INFO - Downloading PDF (attempt 2/3): https://doi.org/10.1016/j.nlp.2023.100026
2025-12-17 19:27:42,114 - modules.download_pdf - WARNING - File does not have PDF header: data/pdfs\2baa3d2699e680bd6b16bce603f1df6827ff98d8_Exploring the frontiers of deep learning and natural language processing_ A comprehensive overview of key challenges and emerging trends.pdf
2025-12-17 19:27:42,114 - modules.download_pdf - WARNING - Downloaded file is not a valid PDF: data/pdfs\2baa3d2699e680bd6b16bce603f1df6827ff98d8_Exploring the frontiers of deep learning and natural language processing_ A comprehensive overview of key challenges and emerging trends.pdf
2025-12-17 19:27:42,115 - modules.download_pdf - INFO - Downloading PDF (attempt 3/3): https://doi.org/10.1016/j.nlp.2023.100026
2025-12-17 19:27:43,223 - modules.download_pdf - WARNING - File does not have PDF header: data/pdfs\2baa3d2699e680bd6b16bce603f1df6827ff98d8_Exploring the frontiers of deep learning and natural language processing_ A comprehensive overview of key challenges and emerging trends.pdf
2025-12-17 19:27:43,224 - modules.download_pdf - WARNING - Downloaded file is not a valid PDF: data/pdfs\2baa3d2699e680bd6b16bce603f1df6827ff98d8_Exploring the frontiers of deep learning and natural language processing_ A comprehensive overview of key challenges and emerging trends.pdf
2025-12-17 19:27:43,228 - modules.download_pdf - INFO - PDF validation successful: data/pdfs\5263141f4c7c3b7b6e6abdb1c88f190005f9c755_A Comprehensive Survey of Deep Learning Techniques Natural Language Processing.pdf
2025-12-17 19:27:43,229 - modules.download_pdf - INFO - PDF already exists: data/pdfs\5263141f4c7c3b7b6e6abdb1c88f190005f9c755_A Comprehensive Survey of Deep Learning Techniques Natural Language Processing.pdf
2025-12-17 19:27:43,229 - modules.download_pdf - WARNING - No PDF URL available for paper: Depression Detection from Social Media Text Analysis using Natural Language Processing Techniques and Hybrid Deep Learning Model
2025-12-17 19:27:43,231 - modules.download_pdf - INFO - PDF validation successful: data/pdfs\6b251abe70615f4c3a34a67cfa776a914367ad6e_How to keep text private_ A systematic review of deep learning methods for privacy-preserving natural language processing.pdf
2025-12-17 19:27:43,232 - modules.download_pdf - INFO - PDF already exists: data/pdfs\6b251abe70615f4c3a34a67cfa776a914367ad6e_How to keep text private_ A systematic review of deep learning methods for privacy-preserving natural language processing.pdf
2025-12-17 19:27:43,232 - modules.download_pdf - WARNING - No PDF URL available for paper: Natural Language Processing Advancements By Deep Learning: A Survey
2025-12-17 19:27:43,233 - modules.download_pdf - INFO - Downloading PDF (attempt 1/3): https://doi.org/10.1016/j.jbi.2021.103984
2025-12-17 19:27:44,261 - modules.download_pdf - WARNING - File does not have PDF header: data/pdfs\a346971a2e65e1e2f9f749ec7944023d1b6ad2be_Classifying social determinants of health from unstructured electronic health records using deep learning-based natural language processing.pdf
2025-12-17 19:27:44,261 - modules.download_pdf - WARNING - Downloaded file is not a valid PDF: data/pdfs\a346971a2e65e1e2f9f749ec7944023d1b6ad2be_Classifying social determinants of health from unstructured electronic health records using deep learning-based natural language processing.pdf
2025-12-17 19:27:44,262 - modules.download_pdf - INFO - Downloading PDF (attempt 2/3): https://doi.org/10.1016/j.jbi.2021.103984
2025-12-17 19:27:45,287 - modules.download_pdf - WARNING - File does not have PDF header: data/pdfs\a346971a2e65e1e2f9f749ec7944023d1b6ad2be_Classifying social determinants of health from unstructured electronic health records using deep learning-based natural language processing.pdf
2025-12-17 19:27:45,288 - modules.download_pdf - WARNING - Downloaded file is not a valid PDF: data/pdfs\a346971a2e65e1e2f9f749ec7944023d1b6ad2be_Classifying social determinants of health from unstructured electronic health records using deep learning-based natural language processing.pdf
2025-12-17 19:27:45,289 - modules.download_pdf - INFO - Downloading PDF (attempt 3/3): https://doi.org/10.1016/j.jbi.2021.103984
2025-12-17 19:27:46,327 - modules.download_pdf - WARNING - File does not have PDF header: data/pdfs\a346971a2e65e1e2f9f749ec7944023d1b6ad2be_Classifying social determinants of health from unstructured electronic health records using deep learning-based natural language processing.pdf
2025-12-17 19:27:46,328 - modules.download_pdf - WARNING - Downloaded file is not a valid PDF: data/pdfs\a346971a2e65e1e2f9f749ec7944023d1b6ad2be_Classifying social determinants of health from unstructured electronic health records using deep learning-based natural language processing.pdf
2025-12-17 19:27:46,330 - modules.download_pdf - WARNING - No PDF URL available for paper: Adversarial Attacks on Deep-learning Models in Natural Language Processing
2025-12-17 19:27:46,330 - modules.download_pdf - WARNING - No PDF URL available for paper: An introduction to Deep Learning in Natural Language Processing: Models, techniques, and tools
2025-12-17 19:27:46,331 - modules.download_pdf - INFO - Batch download complete. Success: 3, Failed: 7
2025-12-17 19:27:46,587 - modules.extract_text - INFO - Starting text extraction for 3 papers
2025-12-17 19:27:47,183 - modules.extract_text - INFO - Extraction complete. Success: 3 / 3
2025-12-17 19:27:47,185 - modules.download_pdf - INFO - Metadata saved successfully to: data/metadata\selected_papers.json
2025-12-17 19:27:47,213 - modules.analyze_text - INFO - Starting analysis for 3 papers
2025-12-17 19:27:47,424 - modules.analyze_text - INFO - Analysis complete. Success: 3 / 3
2025-12-17 19:27:47,427 - modules.analyze_text - INFO - Analysis written to data/metadata/analyzed_papers.json
2025-12-17 19:27:47,452 - modules.generate_draft - INFO - Drafts written to data/metadata/drafts.json
2025-12-17 19:27:47,477 - modules.critique_draft - INFO - Critiques written to data/metadata/critiques.json
2025-12-17 19:36:45,112 - modules.search_papers - INFO - Starting paper search for topic: 'deep learning natural language processing' (limit=10)
2025-12-17 19:36:45,113 - modules.search_papers - INFO - Attempting API request (attempt 1/3)
2025-12-17 19:36:47,298 - httpx - INFO - HTTP Request: GET https://api.semanticscholar.org/graph/v1/paper/search?query=deep+learning+natural+language+processing&fields=title%2Cabstract%2Cyear%2Cauthors%2CcitationCount%2CpaperId%2Curl%2CopenAccessPdf%2CpublicationDate%2Cvenue%2CpublicationTypes%2CexternalIds%2CinfluentialCitationCount&offset=0&limit=20 "HTTP/1.1 200 OK"
2025-12-17 19:36:49,107 - httpx - INFO - HTTP Request: GET https://api.semanticscholar.org/graph/v1/paper/search?query=deep+learning+natural+language+processing&fields=title%2Cabstract%2Cyear%2Cauthors%2CcitationCount%2CpaperId%2Curl%2CopenAccessPdf%2CpublicationDate%2Cvenue%2CpublicationTypes%2CexternalIds%2CinfluentialCitationCount&offset=20&limit=20 "HTTP/1.1 200 OK"
2025-12-17 19:36:49,298 - modules.search_papers - INFO - Successfully retrieved 10 papers
2025-12-17 19:36:49,306 - modules.search_papers - INFO - Metadata saved successfully to data/metadata/paper_metadata.json
2025-12-17 19:36:49,306 - modules.download_pdf - INFO - Starting batch download of 10 papers
2025-12-17 19:36:49,309 - modules.download_pdf - INFO - PDF validation successful: data/pdfs\7f5d5e032011ec4f3f6b2a414ba5a5c0a8b696f6_Security Vulnerability Detection Using Deep Learning Natural Language Processing.pdf
2025-12-17 19:36:49,309 - modules.download_pdf - INFO - PDF already exists: data/pdfs\7f5d5e032011ec4f3f6b2a414ba5a5c0a8b696f6_Security Vulnerability Detection Using Deep Learning Natural Language Processing.pdf
2025-12-17 19:36:49,310 - modules.download_pdf - INFO - Downloading PDF (attempt 1/3): https://doi.org/10.1109/tnnls.2020.2979670
2025-12-17 19:36:50,017 - modules.download_pdf - WARNING - Download attempt 1 failed: 418 Client Error: Unknown Code for url: https://ieeexplore.ieee.org/document/9075398/
2025-12-17 19:36:50,018 - modules.download_pdf - INFO - Waiting 2 seconds before retry...
2025-12-17 19:36:52,018 - modules.download_pdf - INFO - Downloading PDF (attempt 2/3): https://doi.org/10.1109/tnnls.2020.2979670
2025-12-17 19:36:52,554 - modules.download_pdf - WARNING - Download attempt 2 failed: 418 Client Error: Unknown Code for url: https://ieeexplore.ieee.org/document/9075398/
2025-12-17 19:36:52,555 - modules.download_pdf - INFO - Waiting 4 seconds before retry...
2025-12-17 19:36:56,556 - modules.download_pdf - INFO - Downloading PDF (attempt 3/3): https://doi.org/10.1109/tnnls.2020.2979670
2025-12-17 19:36:56,910 - modules.download_pdf - WARNING - Download attempt 3 failed: 418 Client Error: Unknown Code for url: https://ieeexplore.ieee.org/document/9075398/
2025-12-17 19:36:56,910 - modules.download_pdf - ERROR - All download attempts failed for: https://doi.org/10.1109/tnnls.2020.2979670
2025-12-17 19:36:56,912 - modules.download_pdf - INFO - Downloading PDF (attempt 1/3): https://doi.org/10.1016/j.nlp.2023.100026
2025-12-17 19:36:58,241 - modules.download_pdf - WARNING - Response is not a PDF for: https://doi.org/10.1016/j.nlp.2023.100026
2025-12-17 19:36:58,244 - modules.download_pdf - INFO - PDF validation successful: data/pdfs\5263141f4c7c3b7b6e6abdb1c88f190005f9c755_A Comprehensive Survey of Deep Learning Techniques Natural Language Processing.pdf
2025-12-17 19:36:58,244 - modules.download_pdf - INFO - PDF already exists: data/pdfs\5263141f4c7c3b7b6e6abdb1c88f190005f9c755_A Comprehensive Survey of Deep Learning Techniques Natural Language Processing.pdf
2025-12-17 19:36:58,245 - modules.download_pdf - WARNING - No PDF URL available for paper: Depression Detection from Social Media Text Analysis using Natural Language Processing Techniques and Hybrid Deep Learning Model
2025-12-17 19:36:58,247 - modules.download_pdf - INFO - PDF validation successful: data/pdfs\6b251abe70615f4c3a34a67cfa776a914367ad6e_How to keep text private_ A systematic review of deep learning methods for privacy-preserving natural language processing.pdf
2025-12-17 19:36:58,247 - modules.download_pdf - INFO - PDF already exists: data/pdfs\6b251abe70615f4c3a34a67cfa776a914367ad6e_How to keep text private_ A systematic review of deep learning methods for privacy-preserving natural language processing.pdf
2025-12-17 19:36:58,248 - modules.download_pdf - WARNING - No PDF URL available for paper: Natural Language Processing Advancements By Deep Learning: A Survey
2025-12-17 19:36:58,250 - modules.download_pdf - INFO - Downloading PDF (attempt 1/3): https://doi.org/10.1016/j.jbi.2021.103984
2025-12-17 19:36:59,495 - modules.download_pdf - WARNING - Response is not a PDF for: https://doi.org/10.1016/j.jbi.2021.103984
2025-12-17 19:36:59,496 - modules.download_pdf - WARNING - No PDF URL available for paper: Adversarial Attacks on Deep-learning Models in Natural Language Processing
2025-12-17 19:36:59,497 - modules.download_pdf - WARNING - No PDF URL available for paper: An introduction to Deep Learning in Natural Language Processing: Models, techniques, and tools
2025-12-17 19:36:59,498 - modules.download_pdf - INFO - Batch download complete. Success: 3, Failed: 7
2025-12-17 19:36:59,860 - modules.extract_text - INFO - Starting text extraction for 3 papers
2025-12-17 19:37:00,497 - modules.extract_text - INFO - Extraction complete. Success: 3 / 3
2025-12-17 19:37:00,500 - modules.download_pdf - INFO - Metadata saved successfully to: data/metadata\selected_papers.json
2025-12-17 19:37:00,540 - modules.analyze_text - INFO - Starting analysis for 3 papers
2025-12-17 19:37:00,897 - modules.analyze_text - INFO - Analysis complete. Success: 3 / 3
2025-12-17 19:37:00,901 - modules.analyze_text - INFO - Analysis written to data/metadata/analyzed_papers.json
2025-12-17 19:37:00,946 - modules.generate_draft - INFO - Drafts written to data/metadata/drafts.json
2025-12-17 19:37:01,001 - modules.critique_draft - INFO - Critiques written to data/metadata/critiques.json
2025-12-17 19:39:41,164 - httpx - INFO - HTTP Request: HEAD https://huggingface.co/api/telemetry/https%3A/api.gradio.app/gradio-initiated-analytics "HTTP/1.1 200 OK"
2025-12-17 19:39:41,808 - httpx - INFO - HTTP Request: GET https://api.gradio.app/pkg-version "HTTP/1.1 200 OK"
2025-12-17 19:43:14,544 - httpx - INFO - HTTP Request: HEAD https://huggingface.co/api/telemetry/https%3A/api.gradio.app/gradio-initiated-analytics "HTTP/1.1 200 OK"
2025-12-17 19:43:14,555 - httpx - INFO - HTTP Request: GET http://127.0.0.1:7860/gradio_api/startup-events "HTTP/1.1 200 OK"
2025-12-17 19:43:14,881 - httpx - INFO - HTTP Request: HEAD http://127.0.0.1:7860/ "HTTP/1.1 200 OK"
2025-12-17 19:43:15,112 - httpx - INFO - HTTP Request: HEAD https://huggingface.co/api/telemetry/https%3A/api.gradio.app/gradio-launched-telemetry "HTTP/1.1 200 OK"
2025-12-17 19:43:15,244 - httpx - INFO - HTTP Request: GET https://api.gradio.app/pkg-version "HTTP/1.1 200 OK"
2025-12-17 19:43:18,074 - asyncio - ERROR - Task was destroyed but it is pending!
task: <Task pending name='Task-3' coro=<_delete_state() running at C:\Users\vinod\AppData\Roaming\Python\Python313\site-packages\gradio\route_utils.py:984> wait_for=<Future pending cb=[Task.__wakeup()]>>
2025-12-17 19:43:18,075 - asyncio - ERROR - Task was destroyed but it is pending!
task: <Task pending name='Task-9' coro=<Queue.start_progress_updates() running at C:\Users\vinod\AppData\Roaming\Python\Python313\site-packages\gradio\queueing.py:496> wait_for=<Future pending cb=[Task.__wakeup()]>>
2025-12-17 19:43:18,075 - asyncio - ERROR - Task was destroyed but it is pending!
task: <Task pending name='Task-8' coro=<Queue.start_processing() running at C:\Users\vinod\AppData\Roaming\Python\Python313\site-packages\gradio\queueing.py:446> wait_for=<Future pending cb=[Task.__wakeup()]>>
2025-12-17 19:43:48,425 - httpx - INFO - HTTP Request: GET http://127.0.0.1:7860/gradio_api/startup-events "HTTP/1.1 200 OK"
2025-12-17 19:43:48,449 - httpx - INFO - HTTP Request: HEAD http://127.0.0.1:7860/ "HTTP/1.1 200 OK"
2025-12-17 19:43:48,557 - httpx - INFO - HTTP Request: HEAD https://huggingface.co/api/telemetry/https%3A/api.gradio.app/gradio-initiated-analytics "HTTP/1.1 200 OK"
2025-12-17 19:43:49,105 - httpx - INFO - HTTP Request: GET https://api.gradio.app/pkg-version "HTTP/1.1 200 OK"
2025-12-17 19:43:49,202 - httpx - INFO - HTTP Request: HEAD https://huggingface.co/api/telemetry/https%3A/api.gradio.app/gradio-launched-telemetry "HTTP/1.1 200 OK"
2025-12-17 19:44:24,122 - modules.search_papers - INFO - Starting paper search for topic: 'deep learning natural language processing' (limit=10)
2025-12-17 19:44:24,122 - modules.search_papers - INFO - Attempting API request (attempt 1/3)
2025-12-17 19:44:26,114 - httpx - INFO - HTTP Request: GET https://api.semanticscholar.org/graph/v1/paper/search?query=deep+learning+natural+language+processing&fields=title%2Cabstract%2Cyear%2Cauthors%2CcitationCount%2CpaperId%2Curl%2CopenAccessPdf%2CpublicationDate%2Cvenue%2CpublicationTypes%2CexternalIds%2CinfluentialCitationCount&offset=0&limit=20 "HTTP/1.1 200 OK"
2025-12-17 19:44:28,090 - httpx - INFO - HTTP Request: GET https://api.semanticscholar.org/graph/v1/paper/search?query=deep+learning+natural+language+processing&fields=title%2Cabstract%2Cyear%2Cauthors%2CcitationCount%2CpaperId%2Curl%2CopenAccessPdf%2CpublicationDate%2Cvenue%2CpublicationTypes%2CexternalIds%2CinfluentialCitationCount&offset=20&limit=20 "HTTP/1.1 200 OK"
2025-12-17 19:44:28,125 - modules.search_papers - INFO - Successfully retrieved 10 papers
2025-12-17 19:44:28,136 - modules.search_papers - INFO - Metadata saved successfully to data/metadata/paper_metadata.json
2025-12-17 19:44:28,137 - modules.download_pdf - INFO - Starting batch download of 10 papers
2025-12-17 19:44:28,140 - modules.download_pdf - INFO - PDF validation successful: data/pdfs\7f5d5e032011ec4f3f6b2a414ba5a5c0a8b696f6_Security Vulnerability Detection Using Deep Learning Natural Language Processing.pdf
2025-12-17 19:44:28,140 - modules.download_pdf - INFO - PDF already exists: data/pdfs\7f5d5e032011ec4f3f6b2a414ba5a5c0a8b696f6_Security Vulnerability Detection Using Deep Learning Natural Language Processing.pdf
2025-12-17 19:44:28,141 - modules.download_pdf - INFO - Downloading PDF (attempt 1/3): https://doi.org/10.1109/tnnls.2020.2979670
2025-12-17 19:44:28,526 - modules.download_pdf - WARNING - Download attempt 1 failed: 418 Client Error: Unknown Code for url: https://ieeexplore.ieee.org/document/9075398/
2025-12-17 19:44:28,526 - modules.download_pdf - INFO - Waiting 2 seconds before retry...
2025-12-17 19:44:30,527 - modules.download_pdf - INFO - Downloading PDF (attempt 2/3): https://doi.org/10.1109/tnnls.2020.2979670
2025-12-17 19:44:30,892 - modules.download_pdf - WARNING - Download attempt 2 failed: 418 Client Error: Unknown Code for url: https://ieeexplore.ieee.org/document/9075398/
2025-12-17 19:44:30,893 - modules.download_pdf - INFO - Waiting 4 seconds before retry...
2025-12-17 19:44:34,894 - modules.download_pdf - INFO - Downloading PDF (attempt 3/3): https://doi.org/10.1109/tnnls.2020.2979670
2025-12-17 19:44:35,267 - modules.download_pdf - WARNING - Download attempt 3 failed: 418 Client Error: Unknown Code for url: https://ieeexplore.ieee.org/document/9075398/
2025-12-17 19:44:35,268 - modules.download_pdf - ERROR - All download attempts failed for: https://doi.org/10.1109/tnnls.2020.2979670
2025-12-17 19:44:35,269 - modules.download_pdf - INFO - Downloading PDF (attempt 1/3): https://doi.org/10.1016/j.nlp.2023.100026
2025-12-17 19:44:36,537 - modules.download_pdf - WARNING - Response is not a PDF for: https://doi.org/10.1016/j.nlp.2023.100026
2025-12-17 19:44:36,540 - modules.download_pdf - INFO - PDF validation successful: data/pdfs\5263141f4c7c3b7b6e6abdb1c88f190005f9c755_A Comprehensive Survey of Deep Learning Techniques Natural Language Processing.pdf
2025-12-17 19:44:36,541 - modules.download_pdf - INFO - PDF already exists: data/pdfs\5263141f4c7c3b7b6e6abdb1c88f190005f9c755_A Comprehensive Survey of Deep Learning Techniques Natural Language Processing.pdf
2025-12-17 19:44:36,541 - modules.download_pdf - WARNING - No PDF URL available for paper: Depression Detection from Social Media Text Analysis using Natural Language Processing Techniques and Hybrid Deep Learning Model
2025-12-17 19:44:36,544 - modules.download_pdf - INFO - PDF validation successful: data/pdfs\6b251abe70615f4c3a34a67cfa776a914367ad6e_How to keep text private_ A systematic review of deep learning methods for privacy-preserving natural language processing.pdf
2025-12-17 19:44:36,544 - modules.download_pdf - INFO - PDF already exists: data/pdfs\6b251abe70615f4c3a34a67cfa776a914367ad6e_How to keep text private_ A systematic review of deep learning methods for privacy-preserving natural language processing.pdf
2025-12-17 19:44:36,544 - modules.download_pdf - WARNING - No PDF URL available for paper: Natural Language Processing Advancements By Deep Learning: A Survey
2025-12-17 19:44:36,546 - modules.download_pdf - INFO - Downloading PDF (attempt 1/3): https://doi.org/10.1016/j.jbi.2021.103984
2025-12-17 19:44:37,606 - modules.download_pdf - WARNING - Response is not a PDF for: https://doi.org/10.1016/j.jbi.2021.103984
2025-12-17 19:44:37,607 - modules.download_pdf - WARNING - No PDF URL available for paper: Adversarial Attacks on Deep-learning Models in Natural Language Processing
2025-12-17 19:44:37,608 - modules.download_pdf - WARNING - No PDF URL available for paper: An introduction to Deep Learning in Natural Language Processing: Models, techniques, and tools
2025-12-17 19:44:37,609 - modules.download_pdf - INFO - Batch download complete. Success: 3, Failed: 7
2025-12-17 19:44:37,997 - modules.extract_text - INFO - Starting text extraction for 3 papers
2025-12-17 19:44:38,672 - modules.extract_text - INFO - Extraction complete. Success: 3 / 3
2025-12-17 19:44:38,675 - modules.download_pdf - INFO - Metadata saved successfully to: data/metadata\selected_papers.json
2025-12-17 19:44:38,725 - modules.analyze_text - INFO - Starting analysis for 3 papers
2025-12-17 19:44:39,127 - modules.analyze_text - INFO - Analysis complete. Success: 3 / 3
2025-12-17 19:44:39,132 - modules.analyze_text - INFO - Analysis written to data/metadata/analyzed_papers.json
2025-12-17 19:44:39,178 - modules.generate_draft - INFO - Drafts written to data/metadata/drafts.json
2025-12-17 19:44:39,213 - modules.critique_draft - INFO - Critiques written to data/metadata/critiques.json
2025-12-17 19:44:54,671 - modules.search_papers - INFO - Starting paper search for topic: 'deep learning natural language processing' (limit=10)
2025-12-17 19:44:54,671 - modules.search_papers - INFO - Attempting API request (attempt 1/3)
2025-12-17 19:44:57,355 - httpx - INFO - HTTP Request: GET https://api.semanticscholar.org/graph/v1/paper/search?query=deep+learning+natural+language+processing&fields=title%2Cabstract%2Cyear%2Cauthors%2CcitationCount%2CpaperId%2Curl%2CopenAccessPdf%2CpublicationDate%2Cvenue%2CpublicationTypes%2CexternalIds%2CinfluentialCitationCount&offset=0&limit=20 "HTTP/1.1 200 OK"
2025-12-17 19:45:00,065 - httpx - INFO - HTTP Request: GET https://api.semanticscholar.org/graph/v1/paper/search?query=deep+learning+natural+language+processing&fields=title%2Cabstract%2Cyear%2Cauthors%2CcitationCount%2CpaperId%2Curl%2CopenAccessPdf%2CpublicationDate%2Cvenue%2CpublicationTypes%2CexternalIds%2CinfluentialCitationCount&offset=20&limit=20 "HTTP/1.1 200 OK"
2025-12-17 19:45:00,255 - modules.search_papers - INFO - Successfully retrieved 10 papers
2025-12-17 19:45:00,265 - modules.search_papers - INFO - Metadata saved successfully to data/metadata/paper_metadata.json
2025-12-17 19:45:00,266 - modules.download_pdf - INFO - Starting batch download of 10 papers
2025-12-17 19:45:00,268 - modules.download_pdf - INFO - PDF validation successful: data/pdfs\7f5d5e032011ec4f3f6b2a414ba5a5c0a8b696f6_Security Vulnerability Detection Using Deep Learning Natural Language Processing.pdf
2025-12-17 19:45:00,268 - modules.download_pdf - INFO - PDF already exists: data/pdfs\7f5d5e032011ec4f3f6b2a414ba5a5c0a8b696f6_Security Vulnerability Detection Using Deep Learning Natural Language Processing.pdf
2025-12-17 19:45:00,269 - modules.download_pdf - INFO - Downloading PDF (attempt 1/3): https://doi.org/10.1109/tnnls.2020.2979670
2025-12-17 19:45:00,626 - modules.download_pdf - WARNING - Download attempt 1 failed: 418 Client Error: Unknown Code for url: https://ieeexplore.ieee.org/document/9075398/
2025-12-17 19:45:00,626 - modules.download_pdf - INFO - Waiting 2 seconds before retry...
2025-12-17 19:45:02,627 - modules.download_pdf - INFO - Downloading PDF (attempt 2/3): https://doi.org/10.1109/tnnls.2020.2979670
2025-12-17 19:45:02,982 - modules.download_pdf - WARNING - Download attempt 2 failed: 418 Client Error: Unknown Code for url: https://ieeexplore.ieee.org/document/9075398/
2025-12-17 19:45:02,982 - modules.download_pdf - INFO - Waiting 4 seconds before retry...
2025-12-17 19:45:06,983 - modules.download_pdf - INFO - Downloading PDF (attempt 3/3): https://doi.org/10.1109/tnnls.2020.2979670
2025-12-17 19:45:07,348 - modules.download_pdf - WARNING - Download attempt 3 failed: 418 Client Error: Unknown Code for url: https://ieeexplore.ieee.org/document/9075398/
2025-12-17 19:45:07,348 - modules.download_pdf - ERROR - All download attempts failed for: https://doi.org/10.1109/tnnls.2020.2979670
2025-12-17 19:45:07,350 - modules.download_pdf - INFO - Downloading PDF (attempt 1/3): https://doi.org/10.1016/j.nlp.2023.100026
2025-12-17 19:45:08,593 - modules.download_pdf - WARNING - Response is not a PDF for: https://doi.org/10.1016/j.nlp.2023.100026
2025-12-17 19:45:08,596 - modules.download_pdf - INFO - PDF validation successful: data/pdfs\5263141f4c7c3b7b6e6abdb1c88f190005f9c755_A Comprehensive Survey of Deep Learning Techniques Natural Language Processing.pdf
2025-12-17 19:45:08,596 - modules.download_pdf - INFO - PDF already exists: data/pdfs\5263141f4c7c3b7b6e6abdb1c88f190005f9c755_A Comprehensive Survey of Deep Learning Techniques Natural Language Processing.pdf
2025-12-17 19:45:08,598 - modules.download_pdf - WARNING - No PDF URL available for paper: Depression Detection from Social Media Text Analysis using Natural Language Processing Techniques and Hybrid Deep Learning Model
2025-12-17 19:45:08,600 - modules.download_pdf - INFO - PDF validation successful: data/pdfs\6b251abe70615f4c3a34a67cfa776a914367ad6e_How to keep text private_ A systematic review of deep learning methods for privacy-preserving natural language processing.pdf
2025-12-17 19:45:08,600 - modules.download_pdf - INFO - PDF already exists: data/pdfs\6b251abe70615f4c3a34a67cfa776a914367ad6e_How to keep text private_ A systematic review of deep learning methods for privacy-preserving natural language processing.pdf
2025-12-17 19:45:08,601 - modules.download_pdf - WARNING - No PDF URL available for paper: Natural Language Processing Advancements By Deep Learning: A Survey
2025-12-17 19:45:08,602 - modules.download_pdf - INFO - Downloading PDF (attempt 1/3): https://doi.org/10.1016/j.jbi.2021.103984
2025-12-17 19:45:09,666 - modules.download_pdf - WARNING - Response is not a PDF for: https://doi.org/10.1016/j.jbi.2021.103984
2025-12-17 19:45:09,667 - modules.download_pdf - WARNING - No PDF URL available for paper: Adversarial Attacks on Deep-learning Models in Natural Language Processing
2025-12-17 19:45:09,668 - modules.download_pdf - WARNING - No PDF URL available for paper: An introduction to Deep Learning in Natural Language Processing: Models, techniques, and tools
2025-12-17 19:45:09,669 - modules.download_pdf - INFO - Batch download complete. Success: 3, Failed: 7
2025-12-17 19:45:09,669 - modules.extract_text - INFO - Starting text extraction for 3 papers
2025-12-17 19:45:10,307 - modules.extract_text - INFO - Extraction complete. Success: 3 / 3
2025-12-17 19:45:10,310 - modules.download_pdf - INFO - Metadata saved successfully to: data/metadata\selected_papers.json
2025-12-17 19:45:10,335 - modules.analyze_text - INFO - Starting analysis for 3 papers
2025-12-17 19:45:10,666 - modules.analyze_text - INFO - Analysis complete. Success: 3 / 3
2025-12-17 19:45:10,671 - modules.analyze_text - INFO - Analysis written to data/metadata/analyzed_papers.json
2025-12-17 19:45:10,743 - modules.generate_draft - INFO - Drafts written to data/metadata/drafts.json
2025-12-17 19:45:10,812 - modules.critique_draft - INFO - Critiques written to data/metadata/critiques.json
2025-12-17 19:47:46,124 - httpx - INFO - HTTP Request: HEAD https://huggingface.co/api/telemetry/https%3A/api.gradio.app/gradio-initiated-analytics "HTTP/1.1 200 OK"
2025-12-17 19:47:46,227 - httpx - INFO - HTTP Request: GET http://127.0.0.1:7861/gradio_api/startup-events "HTTP/1.1 200 OK"
2025-12-17 19:47:46,277 - httpx - INFO - HTTP Request: HEAD http://127.0.0.1:7861/ "HTTP/1.1 200 OK"
2025-12-17 19:47:46,509 - httpx - INFO - HTTP Request: HEAD https://huggingface.co/api/telemetry/https%3A/api.gradio.app/gradio-launched-telemetry "HTTP/1.1 200 OK"
2025-12-17 19:47:46,849 - httpx - INFO - HTTP Request: GET https://api.gradio.app/pkg-version "HTTP/1.1 200 OK"
2025-12-17 19:51:28,124 - asyncio - ERROR - Task was destroyed but it is pending!
task: <Task pending name='Task-9' coro=<Queue.start_progress_updates() running at C:\Users\vinod\AppData\Roaming\Python\Python313\site-packages\gradio\queueing.py:496> wait_for=<Future pending cb=[Task.__wakeup()]>>
2025-12-17 19:51:28,124 - asyncio - ERROR - Task was destroyed but it is pending!
task: <Task pending name='Task-3' coro=<_delete_state() running at C:\Users\vinod\AppData\Roaming\Python\Python313\site-packages\gradio\route_utils.py:984> wait_for=<Future pending cb=[Task.__wakeup()]>>
2025-12-17 19:51:28,125 - asyncio - ERROR - Task was destroyed but it is pending!
task: <Task pending name='Task-8' coro=<Queue.start_processing() running at C:\Users\vinod\AppData\Roaming\Python\Python313\site-packages\gradio\queueing.py:446> wait_for=<Future pending cb=[Task.__wakeup()]>>
2025-12-18 09:28:30,109 - modules.search_papers - INFO - Starting paper search for topic: 'deep learning natural language processing' (limit=10)
2025-12-18 09:28:30,208 - modules.search_papers - INFO - Attempting API request (attempt 1/3)
2025-12-18 09:28:38,181 - httpx - INFO - HTTP Request: GET https://api.semanticscholar.org/graph/v1/paper/search?query=deep+learning+natural+language+processing&fields=title%2Cabstract%2Cyear%2Cauthors%2CcitationCount%2CpaperId%2Curl%2CopenAccessPdf%2CpublicationDate%2Cvenue%2CpublicationTypes%2CexternalIds%2CinfluentialCitationCount&offset=0&limit=20 "HTTP/1.1 200 OK"
2025-12-18 09:28:40,957 - httpx - INFO - HTTP Request: GET https://api.semanticscholar.org/graph/v1/paper/search?query=deep+learning+natural+language+processing&fields=title%2Cabstract%2Cyear%2Cauthors%2CcitationCount%2CpaperId%2Curl%2CopenAccessPdf%2CpublicationDate%2Cvenue%2CpublicationTypes%2CexternalIds%2CinfluentialCitationCount&offset=20&limit=20 "HTTP/1.1 200 OK"
2025-12-18 09:28:41,290 - modules.search_papers - INFO - Successfully retrieved 10 papers
2025-12-18 09:28:41,727 - modules.search_papers - INFO - Metadata saved successfully to data/metadata/paper_metadata.json
2025-12-18 09:28:41,753 - modules.download_pdf - INFO - Starting batch download of 10 papers
2025-12-18 09:28:42,303 - modules.download_pdf - INFO - PDF validation successful: data/pdfs\7f5d5e032011ec4f3f6b2a414ba5a5c0a8b696f6_Security Vulnerability Detection Using Deep Learning Natural Language Processing.pdf
2025-12-18 09:28:42,667 - modules.download_pdf - INFO - PDF already exists: data/pdfs\7f5d5e032011ec4f3f6b2a414ba5a5c0a8b696f6_Security Vulnerability Detection Using Deep Learning Natural Language Processing.pdf
2025-12-18 09:28:42,678 - modules.download_pdf - INFO - Downloading PDF (attempt 1/3): https://doi.org/10.1109/tnnls.2020.2979670
2025-12-18 09:28:48,182 - modules.download_pdf - WARNING - Download attempt 1 failed: 418 Client Error: Unknown Code for url: https://ieeexplore.ieee.org/document/9075398/
2025-12-18 09:28:48,183 - modules.download_pdf - INFO - Waiting 2 seconds before retry...
2025-12-18 09:28:50,184 - modules.download_pdf - INFO - Downloading PDF (attempt 2/3): https://doi.org/10.1109/tnnls.2020.2979670
2025-12-18 09:28:50,861 - modules.download_pdf - WARNING - Download attempt 2 failed: 418 Client Error: Unknown Code for url: https://ieeexplore.ieee.org/document/9075398/
2025-12-18 09:28:50,862 - modules.download_pdf - INFO - Waiting 4 seconds before retry...
2025-12-18 09:28:54,863 - modules.download_pdf - INFO - Downloading PDF (attempt 3/3): https://doi.org/10.1109/tnnls.2020.2979670
2025-12-18 09:30:56,077 - modules.download_pdf - WARNING - Download attempt 3 failed: 418 Client Error: Unknown Code for url: https://ieeexplore.ieee.org/document/9075398/
2025-12-18 09:30:56,094 - modules.download_pdf - ERROR - All download attempts failed for: https://doi.org/10.1109/tnnls.2020.2979670
2025-12-18 09:30:56,157 - modules.download_pdf - INFO - Downloading PDF (attempt 1/3): https://doi.org/10.1016/j.nlp.2023.100026
2025-12-18 09:30:58,364 - modules.download_pdf - WARNING - Response is not a PDF for: https://doi.org/10.1016/j.nlp.2023.100026
2025-12-18 09:30:59,581 - modules.download_pdf - INFO - PDF validation successful: data/pdfs\5263141f4c7c3b7b6e6abdb1c88f190005f9c755_A Comprehensive Survey of Deep Learning Techniques Natural Language Processing.pdf
2025-12-18 09:30:59,585 - modules.download_pdf - INFO - PDF already exists: data/pdfs\5263141f4c7c3b7b6e6abdb1c88f190005f9c755_A Comprehensive Survey of Deep Learning Techniques Natural Language Processing.pdf
2025-12-18 09:30:59,589 - modules.download_pdf - WARNING - No PDF URL available for paper: Depression Detection from Social Media Text Analysis using Natural Language Processing Techniques and Hybrid Deep Learning Model
2025-12-18 09:30:59,680 - modules.download_pdf - INFO - PDF validation successful: data/pdfs\6b251abe70615f4c3a34a67cfa776a914367ad6e_How to keep text private_ A systematic review of deep learning methods for privacy-preserving natural language processing.pdf
2025-12-18 09:30:59,682 - modules.download_pdf - INFO - PDF already exists: data/pdfs\6b251abe70615f4c3a34a67cfa776a914367ad6e_How to keep text private_ A systematic review of deep learning methods for privacy-preserving natural language processing.pdf
2025-12-18 09:30:59,683 - modules.download_pdf - WARNING - No PDF URL available for paper: Natural Language Processing Advancements By Deep Learning: A Survey
2025-12-18 09:30:59,686 - modules.download_pdf - INFO - Downloading PDF (attempt 1/3): https://doi.org/10.1016/j.jbi.2021.103984
2025-12-18 09:31:01,002 - modules.download_pdf - WARNING - Response is not a PDF for: https://doi.org/10.1016/j.jbi.2021.103984
2025-12-18 09:31:01,005 - modules.download_pdf - WARNING - No PDF URL available for paper: Adversarial Attacks on Deep-learning Models in Natural Language Processing
2025-12-18 09:31:01,007 - modules.download_pdf - WARNING - No PDF URL available for paper: An introduction to Deep Learning in Natural Language Processing: Models, techniques, and tools
2025-12-18 09:31:01,011 - modules.download_pdf - INFO - Batch download complete. Success: 3, Failed: 7
2025-12-18 09:31:01,018 - modules.extract_text - INFO - Starting text extraction for 3 papers
2025-12-18 09:31:24,108 - modules.extract_text - INFO - Extraction complete. Success: 3 / 3
2025-12-18 09:31:26,338 - modules.download_pdf - INFO - Metadata saved successfully to: data/metadata\selected_papers.json
2025-12-18 09:31:27,326 - modules.analyze_text - INFO - Starting analysis for 3 papers
2025-12-18 09:31:29,678 - modules.analyze_text - INFO - Analysis complete. Success: 3 / 3
2025-12-18 09:31:29,831 - modules.analyze_text - INFO - Analysis written to data/metadata/analyzed_papers.json
2025-12-18 09:31:30,094 - modules.generate_draft - INFO - Drafts written to data/metadata/drafts.json
2025-12-18 09:31:30,301 - modules.critique_draft - INFO - Critiques written to data/metadata/critiques.json
2025-12-24 14:44:55,214 - httpx - INFO - HTTP Request: HEAD https://huggingface.co/api/telemetry/https%3A/api.gradio.app/gradio-initiated-analytics "HTTP/1.1 200 OK"
2025-12-24 14:44:56,607 - httpx - INFO - HTTP Request: GET https://api.gradio.app/pkg-version "HTTP/1.1 200 OK"
2025-12-25 22:06:01,402 - modules.search_papers - INFO - Starting paper search for topic: 'deep learning natural language processing' (limit=10)
2025-12-25 22:06:01,404 - modules.search_papers - INFO - Attempting API request (attempt 1/3)
2025-12-25 22:06:03,795 - httpx - INFO - HTTP Request: GET https://api.semanticscholar.org/graph/v1/paper/search?query=deep+learning+natural+language+processing&fields=title%2Cabstract%2Cyear%2Cauthors%2CcitationCount%2CpaperId%2Curl%2CopenAccessPdf%2CpublicationDate%2Cvenue%2CpublicationTypes%2CexternalIds%2CinfluentialCitationCount&offset=0&limit=20 "HTTP/1.1 200 OK"
2025-12-25 22:06:05,697 - httpx - INFO - HTTP Request: GET https://api.semanticscholar.org/graph/v1/paper/search?query=deep+learning+natural+language+processing&fields=title%2Cabstract%2Cyear%2Cauthors%2CcitationCount%2CpaperId%2Curl%2CopenAccessPdf%2CpublicationDate%2Cvenue%2CpublicationTypes%2CexternalIds%2CinfluentialCitationCount&offset=20&limit=20 "HTTP/1.1 200 OK"
2025-12-25 22:06:05,890 - modules.search_papers - INFO - Successfully retrieved 10 papers
2025-12-25 22:06:05,933 - modules.search_papers - INFO - Metadata saved successfully to data/metadata/paper_metadata.json
2025-12-25 22:06:05,941 - modules.download_pdf - INFO - Starting batch download of 10 papers
2025-12-25 22:06:06,003 - modules.download_pdf - INFO - PDF validation successful: data/pdfs\7f5d5e032011ec4f3f6b2a414ba5a5c0a8b696f6_Security Vulnerability Detection Using Deep Learning Natural Language Processing.pdf
2025-12-25 22:06:06,009 - modules.download_pdf - INFO - PDF already exists: data/pdfs\7f5d5e032011ec4f3f6b2a414ba5a5c0a8b696f6_Security Vulnerability Detection Using Deep Learning Natural Language Processing.pdf
2025-12-25 22:06:06,016 - modules.download_pdf - INFO - Downloading PDF (attempt 1/3): https://doi.org/10.1109/tnnls.2020.2979670
2025-12-25 22:06:08,582 - modules.download_pdf - WARNING - Download attempt 1 failed: 418 Client Error: Unknown Code for url: https://ieeexplore.ieee.org/document/9075398/
2025-12-25 22:06:08,586 - modules.download_pdf - INFO - Waiting 2 seconds before retry...
2025-12-25 22:06:10,607 - modules.download_pdf - INFO - Downloading PDF (attempt 1/3): https://doi.org/10.1016/j.nlp.2023.100026
2025-12-25 22:06:13,857 - modules.download_pdf - WARNING - Response is not a PDF for: https://doi.org/10.1016/j.nlp.2023.100026
2025-12-25 22:06:14,435 - modules.download_pdf - INFO - PDF validation successful: data/pdfs\5263141f4c7c3b7b6e6abdb1c88f190005f9c755_A Comprehensive Survey of Deep Learning Techniques Natural Language Processing.pdf
2025-12-25 22:06:14,435 - modules.download_pdf - INFO - PDF already exists: data/pdfs\5263141f4c7c3b7b6e6abdb1c88f190005f9c755_A Comprehensive Survey of Deep Learning Techniques Natural Language Processing.pdf
2025-12-25 22:06:14,436 - modules.download_pdf - WARNING - No PDF URL available for paper: Depression Detection from Social Media Text Analysis using Natural Language Processing Techniques and Hybrid Deep Learning Model
2025-12-25 22:06:14,480 - modules.download_pdf - INFO - PDF validation successful: data/pdfs\6b251abe70615f4c3a34a67cfa776a914367ad6e_How to keep text private_ A systematic review of deep learning methods for privacy-preserving natural language processing.pdf
2025-12-25 22:06:14,480 - modules.download_pdf - INFO - PDF already exists: data/pdfs\6b251abe70615f4c3a34a67cfa776a914367ad6e_How to keep text private_ A systematic review of deep learning methods for privacy-preserving natural language processing.pdf
2025-12-25 22:06:14,481 - modules.download_pdf - WARNING - No PDF URL available for paper: Natural Language Processing Advancements By Deep Learning: A Survey
2025-12-25 22:06:14,484 - modules.download_pdf - INFO - Downloading PDF (attempt 1/3): https://doi.org/10.1016/j.jbi.2021.103984
2025-12-25 22:06:17,473 - modules.download_pdf - WARNING - Response is not a PDF for: https://doi.org/10.1016/j.jbi.2021.103984
2025-12-25 22:06:17,480 - modules.download_pdf - WARNING - No PDF URL available for paper: Adversarial Attacks on Deep-learning Models in Natural Language Processing
2025-12-25 22:06:17,484 - modules.download_pdf - WARNING - No PDF URL available for paper: An introduction to Deep Learning in Natural Language Processing: Models, techniques, and tools
2025-12-25 22:06:17,487 - modules.download_pdf - INFO - Batch download complete. Success: 3, Failed: 7
2025-12-25 22:06:18,482 - modules.extract_text - INFO - Starting text extraction for 3 papers
2025-12-25 22:06:19,282 - modules.extract_text - INFO - Extraction complete. Success: 3 / 3
2025-12-25 22:06:19,286 - modules.download_pdf - INFO - Metadata saved successfully to: data/metadata\selected_papers.json
2025-12-25 22:06:19,326 - modules.analyze_text - INFO - Starting analysis for 3 papers
2025-12-25 22:06:19,738 - modules.analyze_text - INFO - Analysis complete. Success: 3 / 3
2025-12-25 22:06:19,741 - modules.analyze_text - INFO - Analysis written to data/metadata/analyzed_papers.json
2025-12-25 22:06:19,847 - modules.generate_draft - INFO - Drafts written to data/metadata/drafts.json
2025-12-25 22:06:19,938 - modules.critique_draft - INFO - Critiques written to data/metadata/critiques.json
2026-01-04 15:06:27,159 - modules.search_papers - INFO - Starting paper search for topic: 'deep learning natural language processing' (limit=3)
2026-01-04 15:06:27,160 - modules.search_papers - INFO - Attempting API request (attempt 1/3)
2026-01-04 15:06:28,891 - httpx - INFO - HTTP Request: GET https://api.semanticscholar.org/graph/v1/paper/search?query=deep+learning+natural+language+processing&fields=title%2Cabstract%2Cyear%2Cauthors%2CcitationCount%2CpaperId%2Curl%2CopenAccessPdf%2CpublicationDate%2Cvenue%2CpublicationTypes%2CexternalIds%2CinfluentialCitationCount&offset=0&limit=6 "HTTP/1.1 200 OK"
2026-01-04 15:06:28,900 - modules.search_papers - INFO - Successfully retrieved 3 papers
2026-01-04 15:06:28,905 - modules.search_papers - INFO - Metadata saved successfully to data/metadata/paper_metadata.json
2026-01-04 15:06:28,906 - modules.download_pdf - INFO - Starting batch download of 1 papers
2026-01-04 15:06:28,907 - modules.download_pdf - INFO - Downloading PDF (attempt 1/3): https://ieeexplore.ieee.org/ielx7/6287639/10005208/10129946.pdf
2026-01-04 15:06:29,554 - modules.download_pdf - WARNING - Download attempt 1 failed: 418 Client Error: Unknown Code for url: https://ieeexplore.ieee.org/ielx7/6287639/10005208/10129946.pdf
2026-01-04 15:06:29,555 - modules.download_pdf - INFO - Waiting 2 seconds before retry...
2026-01-04 15:06:31,560 - modules.download_pdf - INFO - Batch download complete. Success: 0, Failed: 1
2026-01-04 15:07:21,237 - httpx - INFO - HTTP Request: HEAD https://huggingface.co/api/telemetry/https%3A/api.gradio.app/gradio-initiated-analytics "HTTP/1.1 200 OK"
2026-01-04 15:07:21,895 - httpx - INFO - HTTP Request: GET https://api.gradio.app/pkg-version "HTTP/1.1 200 OK"
2026-01-04 15:08:37,658 - httpx - INFO - HTTP Request: HEAD https://huggingface.co/api/telemetry/https%3A/api.gradio.app/gradio-initiated-analytics "HTTP/1.1 200 OK"
2026-01-04 15:08:38,339 - httpx - INFO - HTTP Request: GET https://api.gradio.app/pkg-version "HTTP/1.1 200 OK"
2026-01-04 15:11:55,639 - modules.search_papers - INFO - Starting paper search for topic: 'deep learning natural language processing' (limit=10)
2026-01-04 15:11:55,641 - modules.search_papers - INFO - Attempting API request (attempt 1/3)
2026-01-04 15:11:58,174 - httpx - INFO - HTTP Request: GET https://api.semanticscholar.org/graph/v1/paper/search?query=deep+learning+natural+language+processing&fields=title%2Cabstract%2Cyear%2Cauthors%2CcitationCount%2CpaperId%2Curl%2CopenAccessPdf%2CpublicationDate%2Cvenue%2CpublicationTypes%2CexternalIds%2CinfluentialCitationCount&offset=0&limit=20 "HTTP/1.1 200 OK"
2026-01-04 15:12:00,443 - httpx - INFO - HTTP Request: GET https://api.semanticscholar.org/graph/v1/paper/search?query=deep+learning+natural+language+processing&fields=title%2Cabstract%2Cyear%2Cauthors%2CcitationCount%2CpaperId%2Curl%2CopenAccessPdf%2CpublicationDate%2Cvenue%2CpublicationTypes%2CexternalIds%2CinfluentialCitationCount&offset=20&limit=20 "HTTP/1.1 200 OK"
2026-01-04 15:12:00,619 - modules.search_papers - INFO - Successfully retrieved 10 papers
2026-01-04 15:12:00,631 - modules.search_papers - INFO - Metadata saved successfully to data/metadata/paper_metadata.json
2026-01-04 15:12:00,632 - modules.download_pdf - INFO - Starting batch download of 10 papers
2026-01-04 15:12:00,782 - modules.download_pdf - INFO - PDF validation successful: data/pdfs\7f5d5e032011ec4f3f6b2a414ba5a5c0a8b696f6_Security Vulnerability Detection Using Deep Learning Natural Language Processing.pdf
2026-01-04 15:12:00,783 - modules.download_pdf - INFO - PDF already exists: data/pdfs\7f5d5e032011ec4f3f6b2a414ba5a5c0a8b696f6_Security Vulnerability Detection Using Deep Learning Natural Language Processing.pdf
2026-01-04 15:12:00,784 - modules.download_pdf - INFO - Downloading PDF (attempt 1/3): https://doi.org/10.1109/tnnls.2020.2979670
2026-01-04 15:12:01,972 - modules.download_pdf - WARNING - Download attempt 1 failed: 418 Client Error: Unknown Code for url: https://ieeexplore.ieee.org/document/9075398/
2026-01-04 15:12:01,972 - modules.download_pdf - INFO - Waiting 2 seconds before retry...
2026-01-04 15:12:04,017 - modules.download_pdf - INFO - Downloading PDF (attempt 1/3): https://doi.org/10.1016/j.nlp.2023.100026
2026-01-04 15:12:05,934 - modules.download_pdf - WARNING - Response is not a PDF for: https://doi.org/10.1016/j.nlp.2023.100026
2026-01-04 15:12:12,054 - modules.download_pdf - INFO - PDF validation successful: data/pdfs\5263141f4c7c3b7b6e6abdb1c88f190005f9c755_A Comprehensive Survey of Deep Learning Techniques Natural Language Processing.pdf
2026-01-04 15:12:12,054 - modules.download_pdf - INFO - PDF already exists: data/pdfs\5263141f4c7c3b7b6e6abdb1c88f190005f9c755_A Comprehensive Survey of Deep Learning Techniques Natural Language Processing.pdf
2026-01-04 15:12:12,055 - modules.download_pdf - WARNING - No PDF URL available for paper: Depression Detection from Social Media Text Analysis using Natural Language Processing Techniques and Hybrid Deep Learning Model
2026-01-04 15:12:12,090 - modules.download_pdf - INFO - PDF validation successful: data/pdfs\6b251abe70615f4c3a34a67cfa776a914367ad6e_How to keep text private_ A systematic review of deep learning methods for privacy-preserving natural language processing.pdf
2026-01-04 15:12:12,090 - modules.download_pdf - INFO - PDF already exists: data/pdfs\6b251abe70615f4c3a34a67cfa776a914367ad6e_How to keep text private_ A systematic review of deep learning methods for privacy-preserving natural language processing.pdf
2026-01-04 15:12:12,090 - modules.download_pdf - WARNING - No PDF URL available for paper: Natural Language Processing Advancements By Deep Learning: A Survey
2026-01-04 15:12:12,092 - modules.download_pdf - INFO - Downloading PDF (attempt 1/3): https://doi.org/10.1016/j.jbi.2021.103984
2026-01-04 15:12:14,099 - modules.download_pdf - WARNING - Response is not a PDF for: https://doi.org/10.1016/j.jbi.2021.103984
2026-01-04 15:12:14,103 - modules.download_pdf - WARNING - No PDF URL available for paper: Adversarial Attacks on Deep-learning Models in Natural Language Processing
2026-01-04 15:12:14,104 - modules.download_pdf - WARNING - No PDF URL available for paper: An introduction to Deep Learning in Natural Language Processing: Models, techniques, and tools
2026-01-04 15:12:14,105 - modules.download_pdf - INFO - Batch download complete. Success: 3, Failed: 7
2026-01-04 15:12:14,411 - modules.extract_text - INFO - Starting text extraction for 3 papers
2026-01-04 15:12:14,969 - modules.extract_text - INFO - Extraction complete. Success: 3 / 3
2026-01-04 15:12:14,973 - modules.download_pdf - INFO - Metadata saved successfully to: data/metadata\selected_papers.json
2026-01-04 15:12:15,033 - modules.analyze_text - INFO - Starting analysis for 3 papers
2026-01-04 15:12:15,395 - modules.analyze_text - INFO - Analysis complete. Success: 3 / 3
2026-01-04 15:12:15,398 - modules.analyze_text - INFO - Analysis written to data/metadata/analyzed_papers.json
2026-01-04 15:12:15,423 - modules.generate_draft - INFO - Drafts written to data/metadata/drafts.json
2026-01-04 15:12:15,451 - modules.critique_draft - INFO - Critiques written to data/metadata/critiques.json
2026-01-04 15:12:15,478 - werkzeug - INFO - 127.0.0.1 - - [04/Jan/2026 15:12:15] "POST /run_pipeline HTTP/1.1" 200 -
2026-01-07 09:50:50,687 - httpx - INFO - HTTP Request: GET https://api.gradio.app/pkg-version "HTTP/1.1 200 OK"
2026-01-07 09:51:51,998 - httpx - INFO - HTTP Request: GET https://api.gradio.app/pkg-version "HTTP/1.1 200 OK"
2026-01-07 09:52:28,202 - httpx - INFO - HTTP Request: GET https://api.gradio.app/pkg-version "HTTP/1.1 200 OK"
2026-01-07 10:09:21,555 - httpx - INFO - HTTP Request: GET https://api.gradio.app/pkg-version "HTTP/1.1 200 OK"
2026-01-07 10:09:22,229 - httpx - INFO - HTTP Request: GET http://127.0.0.1:7860/gradio_api/startup-events "HTTP/1.1 200 OK"
2026-01-07 10:09:22,344 - httpx - INFO - HTTP Request: HEAD http://127.0.0.1:7860/ "HTTP/1.1 200 OK"
2026-01-07 10:10:17,244 - asyncio - ERROR - Task was destroyed but it is pending!
task: <Task pending name='Task-9' coro=<Queue.start_progress_updates() running at C:\Users\vinod\AppData\Roaming\Python\Python313\site-packages\gradio\queueing.py:496> wait_for=<Future finished result=None>>
2026-01-07 10:10:17,250 - asyncio - ERROR - Task was destroyed but it is pending!
task: <Task pending name='Task-3' coro=<_delete_state() running at C:\Users\vinod\AppData\Roaming\Python\Python313\site-packages\gradio\route_utils.py:984> wait_for=<Future pending cb=[Task.__wakeup()]>>
2026-01-07 10:10:17,251 - asyncio - ERROR - Task was destroyed but it is pending!
task: <Task pending name='Task-8' coro=<Queue.start_processing() running at C:\Users\vinod\AppData\Roaming\Python\Python313\site-packages\gradio\queueing.py:446> wait_for=<Future pending cb=[Task.__wakeup()]>>
2026-01-07 10:12:00,069 - httpx - INFO - HTTP Request: GET http://127.0.0.1:7860/gradio_api/startup-events "HTTP/1.1 200 OK"
2026-01-07 10:12:00,104 - httpx - INFO - HTTP Request: HEAD http://127.0.0.1:7860/ "HTTP/1.1 200 OK"
2026-01-07 10:12:00,637 - httpx - INFO - HTTP Request: GET https://api.gradio.app/pkg-version "HTTP/1.1 200 OK"
2026-01-07 10:12:04,215 - asyncio - ERROR - Task was destroyed but it is pending!
task: <Task pending name='Task-3' coro=<_delete_state() running at C:\Users\vinod\AppData\Roaming\Python\Python313\site-packages\gradio\route_utils.py:984> wait_for=<Future pending cb=[Task.__wakeup()]>>
2026-01-07 10:12:04,215 - asyncio - ERROR - Task was destroyed but it is pending!
task: <Task pending name='Task-9' coro=<Queue.start_progress_updates() running at C:\Users\vinod\AppData\Roaming\Python\Python313\site-packages\gradio\queueing.py:496> wait_for=<Future pending cb=[Task.__wakeup()]>>
2026-01-07 10:12:04,216 - asyncio - ERROR - Task was destroyed but it is pending!
task: <Task pending name='Task-8' coro=<Queue.start_processing() running at C:\Users\vinod\AppData\Roaming\Python\Python313\site-packages\gradio\queueing.py:446> wait_for=<Future pending cb=[Task.__wakeup()]>>
2026-01-07 10:12:57,352 - httpx - INFO - HTTP Request: GET http://127.0.0.1:7860/gradio_api/startup-events "HTTP/1.1 200 OK"
2026-01-07 10:12:57,391 - httpx - INFO - HTTP Request: HEAD http://127.0.0.1:7860/ "HTTP/1.1 200 OK"
2026-01-07 10:12:57,853 - httpx - INFO - HTTP Request: GET https://api.gradio.app/pkg-version "HTTP/1.1 200 OK"
2026-01-07 10:14:44,418 - asyncio - ERROR - Task was destroyed but it is pending!
task: <Task pending name='Task-9' coro=<Queue.start_progress_updates() running at C:\Users\vinod\AppData\Roaming\Python\Python313\site-packages\gradio\queueing.py:496> wait_for=<Future pending cb=[Task.__wakeup()]>>
2026-01-07 10:14:44,420 - asyncio - ERROR - Task was destroyed but it is pending!
task: <Task pending name='Task-3' coro=<_delete_state() running at C:\Users\vinod\AppData\Roaming\Python\Python313\site-packages\gradio\route_utils.py:984> wait_for=<Future pending cb=[Task.__wakeup()]>>
2026-01-07 10:14:44,420 - asyncio - ERROR - Task was destroyed but it is pending!
task: <Task pending name='Task-8' coro=<Queue.start_processing() running at C:\Users\vinod\AppData\Roaming\Python\Python313\site-packages\gradio\queueing.py:446> wait_for=<Future pending cb=[Task.__wakeup()]>>
2026-01-07 10:15:15,785 - httpx - INFO - HTTP Request: GET http://127.0.0.1:7860/gradio_api/startup-events "HTTP/1.1 200 OK"
2026-01-07 10:15:15,819 - httpx - INFO - HTTP Request: HEAD http://127.0.0.1:7860/ "HTTP/1.1 200 OK"
2026-01-07 10:15:17,039 - httpx - INFO - HTTP Request: GET https://api.gradio.app/pkg-version "HTTP/1.1 200 OK"
2026-01-07 10:16:39,649 - modules.search_papers - INFO - Starting paper search for topic: 'deep learning natural language processing' (limit=10)
2026-01-07 10:16:39,668 - modules.search_papers - INFO - Attempting API request (attempt 1/3)
2026-01-07 10:16:42,752 - httpx - INFO - HTTP Request: GET https://api.semanticscholar.org/graph/v1/paper/search?query=deep+learning+natural+language+processing&fields=title%2Cabstract%2Cyear%2Cauthors%2CcitationCount%2CpaperId%2Curl%2CopenAccessPdf%2CpublicationDate%2Cvenue%2CpublicationTypes%2CexternalIds%2CinfluentialCitationCount&offset=0&limit=20 "HTTP/1.1 200 OK"
2026-01-07 10:16:45,048 - httpx - INFO - HTTP Request: GET https://api.semanticscholar.org/graph/v1/paper/search?query=deep+learning+natural+language+processing&fields=title%2Cabstract%2Cyear%2Cauthors%2CcitationCount%2CpaperId%2Curl%2CopenAccessPdf%2CpublicationDate%2Cvenue%2CpublicationTypes%2CexternalIds%2CinfluentialCitationCount&offset=20&limit=20 "HTTP/1.1 200 OK"
2026-01-07 10:16:47,691 - httpx - INFO - HTTP Request: GET https://api.semanticscholar.org/graph/v1/paper/search?query=deep+learning+natural+language+processing&fields=title%2Cabstract%2Cyear%2Cauthors%2CcitationCount%2CpaperId%2Curl%2CopenAccessPdf%2CpublicationDate%2Cvenue%2CpublicationTypes%2CexternalIds%2CinfluentialCitationCount&offset=40&limit=20 "HTTP/1.1 200 OK"
2026-01-07 10:16:51,308 - httpx - INFO - HTTP Request: GET https://api.semanticscholar.org/graph/v1/paper/search?query=deep+learning+natural+language+processing&fields=title%2Cabstract%2Cyear%2Cauthors%2CcitationCount%2CpaperId%2Curl%2CopenAccessPdf%2CpublicationDate%2Cvenue%2CpublicationTypes%2CexternalIds%2CinfluentialCitationCount&offset=60&limit=20 "HTTP/1.1 200 OK"
2026-01-07 10:16:55,375 - httpx - INFO - HTTP Request: GET https://api.semanticscholar.org/graph/v1/paper/search?query=deep+learning+natural+language+processing&fields=title%2Cabstract%2Cyear%2Cauthors%2CcitationCount%2CpaperId%2Curl%2CopenAccessPdf%2CpublicationDate%2Cvenue%2CpublicationTypes%2CexternalIds%2CinfluentialCitationCount&offset=80&limit=20 "HTTP/1.1 200 OK"
2026-01-07 10:16:57,994 - httpx - INFO - HTTP Request: GET https://api.semanticscholar.org/graph/v1/paper/search?query=deep+learning+natural+language+processing&fields=title%2Cabstract%2Cyear%2Cauthors%2CcitationCount%2CpaperId%2Curl%2CopenAccessPdf%2CpublicationDate%2Cvenue%2CpublicationTypes%2CexternalIds%2CinfluentialCitationCount&offset=100&limit=20 "HTTP/1.1 200 OK"
2026-01-07 10:16:58,000 - modules.search_papers - INFO - Successfully retrieved 10 papers
2026-01-07 10:16:58,060 - modules.search_papers - INFO - ============================================================
2026-01-07 10:16:58,061 - modules.search_papers - INFO - PAPER RANKING RESULTS
2026-01-07 10:16:58,061 - modules.search_papers - INFO - ============================================================
2026-01-07 10:16:58,061 - modules.search_papers - INFO - Query: deep learning natural language processing
2026-01-07 10:16:58,062 - modules.search_papers - INFO - Total papers scored: 10
2026-01-07 10:16:58,062 - modules.search_papers - INFO - Top 3 papers:
2026-01-07 10:16:58,062 - modules.search_papers - INFO - 
  Rank #1: A Scoping Literature Review of Natural Language Processing A...
2026-01-07 10:16:58,062 - modules.search_papers - INFO -     Total Score: 0.9275
2026-01-07 10:16:58,063 - modules.search_papers - INFO -     Breakdown - Relevance: 1.000, Recency: 0.730, Citations: 0.926, Author: 1.000, PDF: 1.0
2026-01-07 10:16:58,063 - modules.search_papers - INFO - 
  Rank #2: Depression Detection from Social Media Text Analysis using N...
2026-01-07 10:16:58,063 - modules.search_papers - INFO -     Total Score: 0.8246
2026-01-07 10:16:58,063 - modules.search_papers - INFO -     Breakdown - Relevance: 1.000, Recency: 0.640, Citations: 0.646, Author: 0.850, PDF: 1.0
2026-01-07 10:16:58,080 - modules.search_papers - INFO - 
  Rank #3: Survey of transformers and towards ensemble learning using t...
2026-01-07 10:16:58,080 - modules.search_papers - INFO -     Total Score: 0.8172
2026-01-07 10:16:58,080 - modules.search_papers - INFO -     Breakdown - Relevance: 1.000, Recency: 0.820, Citations: 0.613, Author: 0.500, PDF: 1.0
2026-01-07 10:16:58,081 - modules.search_papers - INFO - ============================================================
2026-01-07 10:16:58,194 - modules.search_papers - INFO - Metadata saved successfully to data/metadata/paper_metadata.json
2026-01-07 10:16:58,226 - modules.download_pdf - INFO - Starting batch download of 3 papers
2026-01-07 10:16:58,290 - modules.download_pdf - INFO - Downloading PDF (attempt 1/3): https://www.mdpi.com/2313-576X/9/2/22/pdf?version=1680685797
2026-01-07 10:16:59,275 - modules.download_pdf - WARNING - Download attempt 1 failed: 403 Client Error: Forbidden for url: https://www.mdpi.com/2313-576X/9/2/22/pdf?version=1680685797
2026-01-07 10:16:59,276 - modules.download_pdf - INFO - Waiting 2 seconds before retry...
2026-01-07 10:17:01,280 - modules.download_pdf - WARNING - No PDF URL available for paper: Depression Detection from Social Media Text Analysis using Natural Language Processing Techniques and Hybrid Deep Learning Model
2026-01-07 10:17:01,282 - modules.download_pdf - INFO - Downloading PDF (attempt 1/3): https://journalofbigdata.springeropen.com/counter/pdf/10.1186/s40537-023-00842-0
2026-01-07 10:17:16,927 - modules.download_pdf - INFO - PDF validation successful: data/pdfs\a95f97e4b51eeab38e94b088034ced7c6e31a4c1_Survey of transformers and towards ensemble learning using transformers for natural language processing.pdf
2026-01-07 10:17:16,927 - modules.download_pdf - INFO - Successfully downloaded PDF: data/pdfs\a95f97e4b51eeab38e94b088034ced7c6e31a4c1_Survey of transformers and towards ensemble learning using transformers for natural language processing.pdf
2026-01-07 10:17:16,929 - modules.download_pdf - INFO - Batch download complete. Success: 1, Failed: 2
2026-01-07 10:17:16,931 - modules.extract_text - INFO - Starting text extraction for 1 papers
2026-01-07 10:17:17,528 - modules.extract_text - INFO - Extracted 5 sections and 2 key findings for: Survey of transformers and towards ensemble learni
2026-01-07 10:17:17,529 - modules.extract_text - INFO - Extraction complete. Success: 1 / 1
2026-01-07 10:17:17,533 - modules.download_pdf - INFO - Metadata saved successfully to: data/metadata\selected_papers.json
2026-01-07 10:17:17,635 - modules.analyze_text - INFO - Starting analysis for 1 papers
2026-01-07 10:17:17,833 - modules.analyze_text - INFO - Individual analysis complete. Success: 1 / 1
2026-01-07 10:17:17,834 - modules.analyze_text - INFO - Starting cross-paper analysis for 1 papers
2026-01-07 10:17:17,850 - modules.analyze_text - INFO - Cross-paper analysis complete
2026-01-07 10:17:17,855 - modules.analyze_text - INFO - Analysis written to data/metadata/analyzed_papers.json
2026-01-07 10:17:17,902 - modules.generate_draft - INFO - Generating literature review for 1 papers on topic: research papers
2026-01-07 10:17:17,912 - modules.generate_draft - INFO - Drafts written to data/metadata/drafts.json
2026-01-07 10:17:17,913 - modules.generate_draft - INFO - Literature review generated successfully
2026-01-07 10:17:17,914 - modules.generate_draft - INFO -   - Word count: 490
2026-01-07 10:17:17,914 - modules.generate_draft - INFO -   - Papers included: 1
2026-01-07 10:17:17,964 - modules.critique_draft - INFO - Critiques written to data/metadata/critiques.json
2026-01-07 10:17:17,965 - modules.critique_draft - INFO - Critique complete
2026-01-07 10:17:17,965 - modules.critique_draft - INFO -   - Overall Score: 81% (B)
2026-01-07 10:17:17,966 - modules.critique_draft - INFO -   - Issues Found: 5
2026-01-07 10:17:17,966 - modules.critique_draft - INFO -   - Sections Revised: 5
2026-01-07 11:59:11,139 - modules.search_papers - INFO - Starting paper search for topic: 'deep learning natural language processing' (limit=10)
2026-01-07 11:59:11,181 - modules.search_papers - INFO - Attempting API request (attempt 1/3)
2026-01-07 11:59:15,439 - httpx - INFO - HTTP Request: GET https://api.semanticscholar.org/graph/v1/paper/search?query=deep+learning+natural+language+processing&fields=title%2Cabstract%2Cyear%2Cauthors%2CcitationCount%2CpaperId%2Curl%2CopenAccessPdf%2CpublicationDate%2Cvenue%2CpublicationTypes%2CexternalIds%2CinfluentialCitationCount&offset=0&limit=20 "HTTP/1.1 200 OK"
2026-01-07 11:59:18,028 - httpx - INFO - HTTP Request: GET https://api.semanticscholar.org/graph/v1/paper/search?query=deep+learning+natural+language+processing&fields=title%2Cabstract%2Cyear%2Cauthors%2CcitationCount%2CpaperId%2Curl%2CopenAccessPdf%2CpublicationDate%2Cvenue%2CpublicationTypes%2CexternalIds%2CinfluentialCitationCount&offset=20&limit=20 "HTTP/1.1 200 OK"
2026-01-07 11:59:18,273 - modules.search_papers - INFO - Successfully retrieved 10 papers
2026-01-07 11:59:18,345 - modules.search_papers - INFO - ============================================================
2026-01-07 11:59:18,346 - modules.search_papers - INFO - PAPER RANKING RESULTS
2026-01-07 11:59:18,347 - modules.search_papers - INFO - ============================================================
2026-01-07 11:59:18,350 - modules.search_papers - INFO - Query: deep learning natural language processing
2026-01-07 11:59:18,353 - modules.search_papers - INFO - Total papers scored: 10
2026-01-07 11:59:18,357 - modules.search_papers - INFO - Top 3 papers:
2026-01-07 11:59:18,358 - modules.search_papers - INFO - 
  Rank #1: A Survey of the Usages of Deep Learning for Natural Language...
2026-01-07 11:59:18,359 - modules.search_papers - INFO -     Total Score: 0.8920
2026-01-07 11:59:18,379 - modules.search_papers - INFO -     Breakdown - Relevance: 1.000, Recency: 0.460, Citations: 1.000, Author: 1.000, PDF: 1.0
2026-01-07 11:59:18,381 - modules.search_papers - INFO - 
  Rank #2: Natural Language Processing Advancements By Deep Learning: A...
2026-01-07 11:59:18,383 - modules.search_papers - INFO -     Total Score: 0.8318
2026-01-07 11:59:18,384 - modules.search_papers - INFO -     Breakdown - Relevance: 1.000, Recency: 0.460, Citations: 0.799, Author: 0.900, PDF: 1.0
2026-01-07 11:59:18,386 - modules.search_papers - INFO - 
  Rank #3: Depression Detection from Social Media Text Analysis using N...
2026-01-07 11:59:18,387 - modules.search_papers - INFO -     Total Score: 0.8246
2026-01-07 11:59:18,388 - modules.search_papers - INFO -     Breakdown - Relevance: 1.000, Recency: 0.640, Citations: 0.646, Author: 0.850, PDF: 1.0
2026-01-07 11:59:18,388 - modules.search_papers - INFO - ============================================================
2026-01-07 11:59:18,546 - modules.search_papers - INFO - Metadata saved successfully to data/metadata/paper_metadata.json
2026-01-07 11:59:18,547 - modules.download_pdf - INFO - Starting batch download of 3 papers
2026-01-07 11:59:18,599 - modules.download_pdf - INFO - Downloading PDF (attempt 1/3): https://doi.org/10.1109/tnnls.2020.2979670
2026-01-07 11:59:20,302 - modules.download_pdf - WARNING - Download attempt 1 failed: 418 Client Error: Unknown Code for url: https://ieeexplore.ieee.org/document/9075398/
2026-01-07 11:59:20,303 - modules.download_pdf - INFO - Waiting 2 seconds before retry...
2026-01-07 11:59:22,310 - modules.download_pdf - WARNING - No PDF URL available for paper: Natural Language Processing Advancements By Deep Learning: A Survey
2026-01-07 11:59:22,311 - modules.download_pdf - WARNING - No PDF URL available for paper: Depression Detection from Social Media Text Analysis using Natural Language Processing Techniques and Hybrid Deep Learning Model
2026-01-07 11:59:22,313 - modules.download_pdf - INFO - Batch download complete. Success: 0, Failed: 3
2026-01-07 12:28:00,698 - modules.search_papers - INFO - Starting paper search for topic: 'deep learning natural language processing' (limit=10)
2026-01-07 12:28:00,725 - modules.search_papers - INFO - Attempting API request (attempt 1/3)
2026-01-07 12:28:04,316 - httpx - INFO - HTTP Request: GET https://api.semanticscholar.org/graph/v1/paper/search?query=deep+learning+natural+language+processing&fields=title%2Cabstract%2Cyear%2Cauthors%2CcitationCount%2CpaperId%2Curl%2CopenAccessPdf%2CpublicationDate%2Cvenue%2CpublicationTypes%2CexternalIds%2CinfluentialCitationCount&offset=0&limit=20 "HTTP/1.1 200 OK"
2026-01-07 12:28:06,497 - httpx - INFO - HTTP Request: GET https://api.semanticscholar.org/graph/v1/paper/search?query=deep+learning+natural+language+processing&fields=title%2Cabstract%2Cyear%2Cauthors%2CcitationCount%2CpaperId%2Curl%2CopenAccessPdf%2CpublicationDate%2Cvenue%2CpublicationTypes%2CexternalIds%2CinfluentialCitationCount&offset=20&limit=20 "HTTP/1.1 200 OK"
2026-01-07 12:28:06,783 - modules.search_papers - INFO - Successfully retrieved 10 papers
2026-01-07 12:28:06,788 - modules.search_papers - INFO - ============================================================
2026-01-07 12:28:06,789 - modules.search_papers - INFO - PAPER RANKING RESULTS
2026-01-07 12:28:06,790 - modules.search_papers - INFO - ============================================================
2026-01-07 12:28:06,792 - modules.search_papers - INFO - Query: deep learning natural language processing
2026-01-07 12:28:06,796 - modules.search_papers - INFO - Total papers scored: 10
2026-01-07 12:28:06,797 - modules.search_papers - INFO - Top 3 papers:
2026-01-07 12:28:06,798 - modules.search_papers - INFO - 
  Rank #1: A Survey of the Usages of Deep Learning for Natural Language...
2026-01-07 12:28:06,806 - modules.search_papers - INFO -     Total Score: 0.8920
2026-01-07 12:28:06,809 - modules.search_papers - INFO -     Breakdown - Relevance: 1.000, Recency: 0.460, Citations: 1.000, Author: 1.000, PDF: 1.0
2026-01-07 12:28:06,815 - modules.search_papers - INFO - 
  Rank #2: Natural Language Processing Advancements By Deep Learning: A...
2026-01-07 12:28:06,823 - modules.search_papers - INFO -     Total Score: 0.8318
2026-01-07 12:28:06,825 - modules.search_papers - INFO -     Breakdown - Relevance: 1.000, Recency: 0.460, Citations: 0.799, Author: 0.900, PDF: 1.0
2026-01-07 12:28:06,826 - modules.search_papers - INFO - 
  Rank #3: Depression Detection from Social Media Text Analysis using N...
2026-01-07 12:28:06,827 - modules.search_papers - INFO -     Total Score: 0.8246
2026-01-07 12:28:06,830 - modules.search_papers - INFO -     Breakdown - Relevance: 1.000, Recency: 0.640, Citations: 0.646, Author: 0.850, PDF: 1.0
2026-01-07 12:28:06,831 - modules.search_papers - INFO - ============================================================
2026-01-07 12:28:06,863 - modules.search_papers - INFO - Metadata saved successfully to data/metadata/paper_metadata.json
2026-01-07 12:28:06,864 - modules.download_pdf - INFO - Starting batch download of 3 papers
2026-01-07 12:28:06,869 - modules.download_pdf - INFO - Downloading PDF (attempt 1/3): https://doi.org/10.1109/tnnls.2020.2979670
2026-01-07 12:28:07,484 - modules.download_pdf - WARNING - Download attempt 1 failed: 418 Client Error: Unknown Code for url: https://ieeexplore.ieee.org/document/9075398/
2026-01-07 12:28:07,485 - modules.download_pdf - INFO - Waiting 2 seconds before retry...
2026-01-07 12:28:09,500 - modules.download_pdf - WARNING - No PDF URL available for paper: Natural Language Processing Advancements By Deep Learning: A Survey
2026-01-07 12:28:09,501 - modules.download_pdf - WARNING - No PDF URL available for paper: Depression Detection from Social Media Text Analysis using Natural Language Processing Techniques and Hybrid Deep Learning Model
2026-01-07 12:28:09,504 - modules.download_pdf - INFO - Batch download complete. Success: 0, Failed: 3
2026-01-11 18:39:45,972 - httpx - INFO - HTTP Request: HEAD https://huggingface.co/api/telemetry/https%3A/api.gradio.app/gradio-initiated-analytics "HTTP/1.1 200 OK"
2026-01-11 18:39:46,689 - httpx - INFO - HTTP Request: GET https://api.gradio.app/pkg-version "HTTP/1.1 200 OK"
2026-01-11 18:40:04,075 - httpx - INFO - HTTP Request: HEAD https://huggingface.co/api/telemetry/https%3A/api.gradio.app/gradio-initiated-analytics "HTTP/1.1 200 OK"
2026-01-11 18:40:04,817 - httpx - INFO - HTTP Request: GET https://api.gradio.app/pkg-version "HTTP/1.1 200 OK"
2026-01-11 18:40:51,421 - httpx - INFO - HTTP Request: HEAD https://huggingface.co/api/telemetry/https%3A/api.gradio.app/gradio-initiated-analytics "HTTP/1.1 200 OK"
2026-01-11 18:40:51,848 - httpx - INFO - HTTP Request: GET http://127.0.0.1:7860/gradio_api/startup-events "HTTP/1.1 200 OK"
2026-01-11 18:40:52,183 - httpx - INFO - HTTP Request: GET https://api.gradio.app/pkg-version "HTTP/1.1 200 OK"
2026-01-11 18:40:53,894 - httpx - INFO - HTTP Request: HEAD http://127.0.0.1:7860/ "HTTP/1.1 200 OK"
2026-01-11 18:40:54,150 - httpx - INFO - HTTP Request: HEAD https://huggingface.co/api/telemetry/https%3A/api.gradio.app/gradio-launched-telemetry "HTTP/1.1 200 OK"
2026-01-11 19:05:45,771 - httpx - INFO - HTTP Request: GET http://127.0.0.1:7860/gradio_api/startup-events "HTTP/1.1 200 OK"
2026-01-11 19:05:45,809 - httpx - INFO - HTTP Request: HEAD http://127.0.0.1:7860/ "HTTP/1.1 200 OK"
2026-01-11 19:05:46,092 - httpx - INFO - HTTP Request: HEAD https://huggingface.co/api/telemetry/https%3A/api.gradio.app/gradio-launched-telemetry "HTTP/1.1 200 OK"
2026-01-11 19:05:46,404 - httpx - INFO - HTTP Request: GET https://api.gradio.app/pkg-version "HTTP/1.1 200 OK"
2026-01-11 19:05:46,547 - httpx - INFO - HTTP Request: HEAD https://huggingface.co/api/telemetry/https%3A/api.gradio.app/gradio-initiated-analytics "HTTP/1.1 200 OK"
2026-01-12 11:46:28,939 - modules.search_papers - INFO - Starting paper search for topic: 'ai automation' (limit=10)
2026-01-12 11:46:28,941 - modules.search_papers - INFO - Attempting API request (attempt 1/3)
2026-01-12 11:46:32,255 - httpx - INFO - HTTP Request: GET https://api.semanticscholar.org/graph/v1/paper/search?query=ai+automation&fields=title%2Cabstract%2Cyear%2Cauthors%2CcitationCount%2CpaperId%2Curl%2CopenAccessPdf%2CpublicationDate%2Cvenue%2CpublicationTypes%2CexternalIds%2CinfluentialCitationCount&offset=0&limit=20 "HTTP/1.1 200 OK"
2026-01-12 11:46:35,546 - httpx - INFO - HTTP Request: GET https://api.semanticscholar.org/graph/v1/paper/search?query=ai+automation&fields=title%2Cabstract%2Cyear%2Cauthors%2CcitationCount%2CpaperId%2Curl%2CopenAccessPdf%2CpublicationDate%2Cvenue%2CpublicationTypes%2CexternalIds%2CinfluentialCitationCount&offset=20&limit=20 "HTTP/1.1 200 OK"
2026-01-12 11:46:38,249 - httpx - INFO - HTTP Request: GET https://api.semanticscholar.org/graph/v1/paper/search?query=ai+automation&fields=title%2Cabstract%2Cyear%2Cauthors%2CcitationCount%2CpaperId%2Curl%2CopenAccessPdf%2CpublicationDate%2Cvenue%2CpublicationTypes%2CexternalIds%2CinfluentialCitationCount&offset=40&limit=20 "HTTP/1.1 200 OK"
2026-01-12 11:46:40,654 - httpx - INFO - HTTP Request: GET https://api.semanticscholar.org/graph/v1/paper/search?query=ai+automation&fields=title%2Cabstract%2Cyear%2Cauthors%2CcitationCount%2CpaperId%2Curl%2CopenAccessPdf%2CpublicationDate%2Cvenue%2CpublicationTypes%2CexternalIds%2CinfluentialCitationCount&offset=60&limit=20 "HTTP/1.1 200 OK"
2026-01-12 11:46:40,659 - modules.search_papers - INFO - Successfully retrieved 10 papers
2026-01-12 11:46:40,693 - modules.search_papers - INFO - Metadata saved successfully to data/metadata/paper_metadata.json
2026-01-12 11:46:40,695 - modules.download_pdf - INFO - Starting batch download of 10 papers
2026-01-12 11:46:40,719 - modules.download_pdf - INFO - Downloading PDF (attempt 1/3): https://www.tandfonline.com/doi/pdf/10.1080/17439884.2023.2167830?needAccess=true&role=button
2026-01-12 11:46:41,928 - modules.download_pdf - WARNING - Download attempt 1 failed: 403 Client Error: Forbidden for url: https://www.tandfonline.com/doi/pdf/10.1080/17439884.2023.2167830?needAccess=true&role=button
2026-01-12 11:46:41,929 - modules.download_pdf - INFO - Waiting 2 seconds before retry...
2026-01-12 11:46:43,936 - modules.download_pdf - INFO - Downloading PDF (attempt 1/3): https://doi.org/10.1016/j.icte.2024.05.007
2026-01-12 11:46:48,508 - modules.download_pdf - WARNING - Response is not a PDF for: https://doi.org/10.1016/j.icte.2024.05.007
2026-01-12 11:46:48,516 - modules.download_pdf - INFO - Downloading PDF (attempt 1/3): https://www.frontiersin.org/journals/psychology/articles/10.3389/fpsyg.2024.1382693/pdf
2026-01-12 11:46:51,755 - modules.download_pdf - INFO - PDF validation successful: data/pdfs\d8c20ea7ab5f9e73a02446becd7d88bc3ff3b1f9_Developing trustworthy artificial intelligence_ insights from research on interpersonal, human-automation, and human-AI trust.pdf
2026-01-12 11:46:51,758 - modules.download_pdf - INFO - Successfully downloaded PDF: data/pdfs\d8c20ea7ab5f9e73a02446becd7d88bc3ff3b1f9_Developing trustworthy artificial intelligence_ insights from research on interpersonal, human-automation, and human-AI trust.pdf
2026-01-12 11:46:51,775 - modules.download_pdf - INFO - Downloading PDF (attempt 1/3): https://doi.org/10.1016/j.atech.2024.100483
2026-01-12 11:46:57,143 - modules.download_pdf - WARNING - Response is not a PDF for: https://doi.org/10.1016/j.atech.2024.100483
2026-01-12 11:46:57,152 - modules.download_pdf - INFO - Downloading PDF (attempt 1/3): https://gsconlinepress.com/journals/gscarr/sites/default/files/GSCARR-2024-0063.pdf
2026-01-12 11:47:02,268 - modules.download_pdf - INFO - PDF validation successful: data/pdfs\0fdb31a57ef6f03f7374db930792a0c90ee7f4e2_AI-driven warehouse automation_ A comprehensive review of systems.pdf
2026-01-12 11:47:02,269 - modules.download_pdf - INFO - Successfully downloaded PDF: data/pdfs\0fdb31a57ef6f03f7374db930792a0c90ee7f4e2_AI-driven warehouse automation_ A comprehensive review of systems.pdf
2026-01-12 11:47:02,281 - modules.download_pdf - INFO - Downloading PDF (attempt 1/3): https://link.springer.com/content/pdf/10.1007/s10462-022-10286-2.pdf
2026-01-12 11:47:10,462 - modules.download_pdf - INFO - PDF validation successful: data/pdfs\f17fabd53bccc1ee7360dbb72e050b4a347d4304_AI-big data analytics for building automation and management systems_ a survey, actual challenges and future perspectives.pdf
2026-01-12 11:47:10,463 - modules.download_pdf - INFO - Successfully downloaded PDF: data/pdfs\f17fabd53bccc1ee7360dbb72e050b4a347d4304_AI-big data analytics for building automation and management systems_ a survey, actual challenges and future perspectives.pdf
2026-01-12 11:47:10,470 - modules.download_pdf - INFO - Downloading PDF (attempt 1/3): https://link.springer.com/content/pdf/10.1007/s42979-022-01043-x.pdf
2026-01-12 11:47:16,014 - modules.download_pdf - INFO - PDF validation successful: data/pdfs\22548cb1c72e4966a3c465c8363c1e421ab66748_AI-Based Modeling_ Techniques, Applications and Research Issues Towards Automation, Intelligent and Smart Systems.pdf
2026-01-12 11:47:16,016 - modules.download_pdf - INFO - Successfully downloaded PDF: data/pdfs\22548cb1c72e4966a3c465c8363c1e421ab66748_AI-Based Modeling_ Techniques, Applications and Research Issues Towards Automation, Intelligent and Smart Systems.pdf
2026-01-12 11:47:16,051 - modules.download_pdf - INFO - Downloading PDF (attempt 1/3): https://arxiv.org/pdf/2309.10730
2026-01-12 11:47:19,884 - modules.download_pdf - INFO - PDF validation successful: data/pdfs\460fc460695bce86e66da0f1e4f7a7a7a3b1481a_GPT4AIGChip_ Towards Next-Generation AI Accelerator Design Automation via Large Language Models.pdf
2026-01-12 11:47:19,885 - modules.download_pdf - INFO - Successfully downloaded PDF: data/pdfs\460fc460695bce86e66da0f1e4f7a7a7a3b1481a_GPT4AIGChip_ Towards Next-Generation AI Accelerator Design Automation via Large Language Models.pdf
2026-01-12 11:47:19,893 - modules.download_pdf - INFO - Downloading PDF (attempt 1/3): https://doi.org/10.1016/j.techsoc.2023.102232
2026-01-12 11:47:23,302 - modules.download_pdf - WARNING - Response is not a PDF for: https://doi.org/10.1016/j.techsoc.2023.102232
2026-01-12 11:47:23,315 - modules.download_pdf - INFO - Downloading PDF (attempt 1/3): https://link.springer.com/content/pdf/10.1007/s13132-023-01433-3.pdf
2026-01-12 11:47:34,139 - modules.download_pdf - INFO - PDF validation successful: data/pdfs\d8265a8a417d2c53a6ec88fc41a86e4aed161c90_Artificial Intelligence (AI) and Automation in Administrative Procedures_ Potentials, Limitations, and Framework Conditions.pdf
2026-01-12 11:47:34,141 - modules.download_pdf - INFO - Successfully downloaded PDF: data/pdfs\d8265a8a417d2c53a6ec88fc41a86e4aed161c90_Artificial Intelligence (AI) and Automation in Administrative Procedures_ Potentials, Limitations, and Framework Conditions.pdf
2026-01-12 11:47:34,166 - modules.download_pdf - INFO - Batch download complete. Success: 6, Failed: 4
2026-01-12 11:47:35,721 - modules.extract_text - INFO - Starting text extraction for 6 papers
2026-01-12 11:47:36,047 - modules.extract_text - INFO - Extracted 5 sections and 1 key findings for: Developing trustworthy artificial intelligence: in
2026-01-12 11:47:36,194 - modules.extract_text - INFO - Extracted 5 sections and 0 key findings for: AI-driven warehouse automation: A comprehensive re
2026-01-12 11:47:37,188 - modules.extract_text - INFO - Extracted 5 sections and 2 key findings for: AI-big data analytics for building automation and 
2026-01-12 11:47:37,593 - modules.extract_text - INFO - Extracted 5 sections and 0 key findings for: AI-Based Modeling: Techniques, Applications and Re
2026-01-12 11:47:37,952 - modules.extract_text - INFO - Extracted 5 sections and 0 key findings for: GPT4AIGChip: Towards Next-Generation AI Accelerato
2026-01-12 11:47:38,202 - modules.extract_text - INFO - Extracted 5 sections and 0 key findings for: Artificial Intelligence (AI) and Automation in Adm
2026-01-12 11:47:38,203 - modules.extract_text - INFO - Extraction complete. Success: 6 / 6
2026-01-12 11:47:38,211 - modules.download_pdf - INFO - Metadata saved successfully to: data/metadata\selected_papers.json
2026-01-12 11:47:38,260 - modules.analyze_text - INFO - Starting analysis for 6 papers
2026-01-12 11:47:39,507 - modules.analyze_text - INFO - Individual analysis complete. Success: 6 / 6
2026-01-12 11:47:39,511 - modules.analyze_text - INFO - Starting cross-paper analysis for 6 papers
2026-01-12 11:47:39,574 - modules.analyze_text - INFO - Cross-paper analysis complete
2026-01-12 11:47:39,588 - modules.analyze_text - INFO - Analysis written to data/metadata/analyzed_papers.json
2026-01-12 11:47:39,653 - modules.generate_draft - INFO - Generating literature review for 6 papers on topic: research papers
2026-01-12 11:47:39,662 - modules.generate_draft - INFO - Drafts written to data/metadata/drafts.json
2026-01-12 11:47:39,663 - modules.generate_draft - INFO - Literature review generated successfully
2026-01-12 11:47:39,664 - modules.generate_draft - INFO -   - Word count: 941
2026-01-12 11:47:39,665 - modules.generate_draft - INFO -   - Papers included: 6
2026-01-12 11:47:39,728 - modules.critique_draft - INFO - Critiques written to data/metadata/critiques.json
2026-01-12 11:47:39,729 - modules.critique_draft - INFO - Critique complete
2026-01-12 11:47:39,730 - modules.critique_draft - INFO -   - Overall Score: 86% (B)
2026-01-12 11:47:39,732 - modules.critique_draft - INFO -   - Issues Found: 3
2026-01-12 11:47:39,733 - modules.critique_draft - INFO -   - Sections Revised: 3
2026-01-12 11:47:39,826 - werkzeug - INFO - 127.0.0.1 - - [12/Jan/2026 11:47:39] "POST /run_pipeline HTTP/1.1" 200 -
2026-01-12 11:52:10,584 - werkzeug - INFO - 127.0.0.1 - - [12/Jan/2026 11:52:10] "GET /load_results HTTP/1.1" 200 -
